[
    {
        "fields": {
            "username": "user1", 
            "first_name": "", 
            "last_name": "", 
            "is_active": true, 
            "is_superuser": true, 
            "is_staff": true, 
            "last_login": "2016-11-09T18:08:23.137Z", 
            "groups": [], 
            "user_permissions": [], 
            "password": "pbkdf2_sha256$30000$qwdCTXISuS1t$CyHx8U8Q7b/JlX24lOqbUXm+n2BrwNfHVzqNL3GkWs4=", 
            "email": "user1@cookit.com", 
            "date_joined": "2016-11-09T18:08:13.734Z"
        }, 
        "model": "auth.user", 
        "pk": 1
    }, 
    {
        "fields": {
            "favourite_recipes": [], 
            "favourite_users": [], 
            "user": 1
        }, 
        "model": "main.useraccount", 
        "pk": 1
    }, 
    {
        "fields": {
            "infinite": false, 
            "amount": 4, 
            "user_account": 1, 
            "ingredient": 900
        }, 
        "model": "main.useringredient", 
        "pk": 900
    }, 
    {
        "fields": {
            "infinite": false, 
            "amount": 15, 
            "user_account": 1, 
            "ingredient": 397
        }, 
        "model": "main.useringredient", 
        "pk": 397
    }, 
    {
        "fields": {
            "infinite": false, 
            "amount": 14, 
            "user_account": 1, 
            "ingredient": 56
        }, 
        "model": "main.useringredient", 
        "pk": 56
    }, 
    {
        "fields": {
            "infinite": false, 
            "amount": 16, 
            "user_account": 1, 
            "ingredient": 432
        }, 
        "model": "main.useringredient", 
        "pk": 432
    }, 
    {
        "fields": {
            "infinite": false, 
            "amount": 13, 
            "user_account": 1, 
            "ingredient": 365
        }, 
        "model": "main.useringredient", 
        "pk": 365
    }, 
    {
        "fields": {
            "infinite": false, 
            "amount": 11, 
            "user_account": 1, 
            "ingredient": 892
        }, 
        "model": "main.useringredient", 
        "pk": 892
    }, 
    {
        "fields": {
            "infinite": false, 
            "amount": 20, 
            "user_account": 1, 
            "ingredient": 718
        }, 
        "model": "main.useringredient", 
        "pk": 718
    }, 
    {
        "fields": {
            "infinite": false, 
            "amount": 9, 
            "user_account": 1, 
            "ingredient": 488
        }, 
        "model": "main.useringredient", 
        "pk": 488
    }, 
    {
        "fields": {
            "infinite": false, 
            "amount": 14, 
            "user_account": 1, 
            "ingredient": 785
        }, 
        "model": "main.useringredient", 
        "pk": 785
    }, 
    {
        "fields": {
            "infinite": false, 
            "amount": 17, 
            "user_account": 1, 
            "ingredient": 199
        }, 
        "model": "main.useringredient", 
        "pk": 199
    }, 
    {
        "fields": {
            "infinite": false, 
            "amount": 13, 
            "user_account": 1, 
            "ingredient": 656
        }, 
        "model": "main.useringredient", 
        "pk": 656
    }, 
    {
        "fields": {
            "infinite": false, 
            "amount": 9, 
            "user_account": 1, 
            "ingredient": 177
        }, 
        "model": "main.useringredient", 
        "pk": 177
    }, 
    {
        "fields": {
            "infinite": false, 
            "amount": 16, 
            "user_account": 1, 
            "ingredient": 255
        }, 
        "model": "main.useringredient", 
        "pk": 255
    }, 
    {
        "fields": {
            "infinite": false, 
            "amount": 5, 
            "user_account": 1, 
            "ingredient": 575
        }, 
        "model": "main.useringredient", 
        "pk": 575
    }, 
    {
        "fields": {
            "infinite": false, 
            "amount": 10, 
            "user_account": 1, 
            "ingredient": 646
        }, 
        "model": "main.useringredient", 
        "pk": 646
    }, 
    {
        "fields": {
            "infinite": false, 
            "amount": 15, 
            "user_account": 1, 
            "ingredient": 91
        }, 
        "model": "main.useringredient", 
        "pk": 91
    }, 
    {
        "fields": {
            "infinite": false, 
            "amount": 12, 
            "user_account": 1, 
            "ingredient": 669
        }, 
        "model": "main.useringredient", 
        "pk": 669
    }, 
    {
        "fields": {
            "infinite": false, 
            "amount": 5, 
            "user_account": 1, 
            "ingredient": 35
        }, 
        "model": "main.useringredient", 
        "pk": 35
    }, 
    {
        "fields": {
            "infinite": false, 
            "amount": 13, 
            "user_account": 1, 
            "ingredient": 385
        }, 
        "model": "main.useringredient", 
        "pk": 385
    }, 
    {
        "fields": {
            "infinite": false, 
            "amount": 11, 
            "user_account": 1, 
            "ingredient": 916
        }, 
        "model": "main.useringredient", 
        "pk": 916
    }, 
    {
        "fields": {
            "cooking_time": "09:23:15", 
            "cooking_date": "2016-02-02", 
            "recipe": "0", 
            "serving_count": "917", 
            "user_account": 1
        }, 
        "model": "main.cookedrecipe", 
        "pk": 916
    }, 
    {
        "fields": {
            "cooking_time": "09:23:15", 
            "cooking_date": "2016-02-02", 
            "recipe": "1", 
            "serving_count": "917", 
            "user_account": 1
        }, 
        "model": "main.cookedrecipe", 
        "pk": 916
    }, 
    {
        "fields": {
            "cooking_time": "09:23:15", 
            "cooking_date": "2016-02-02", 
            "recipe": "2", 
            "serving_count": "917", 
            "user_account": 1
        }, 
        "model": "main.cookedrecipe", 
        "pk": 916
    }, 
    {
        "fields": {
            "amount": 15, 
            "recipe": 1, 
            "ingredient": 295
        }, 
        "model": "main.recipeingredient", 
        "pk": 295
    }, 
    {
        "fields": {
            "amount": 11, 
            "recipe": 1, 
            "ingredient": 425
        }, 
        "model": "main.recipeingredient", 
        "pk": 425
    }, 
    {
        "fields": {
            "amount": 6, 
            "recipe": 1, 
            "ingredient": 108
        }, 
        "model": "main.recipeingredient", 
        "pk": 108
    }, 
    {
        "fields": {
            "amount": 16, 
            "recipe": 1, 
            "ingredient": 14
        }, 
        "model": "main.recipeingredient", 
        "pk": 14
    }, 
    {
        "fields": {
            "amount": 4, 
            "recipe": 1, 
            "ingredient": 612
        }, 
        "model": "main.recipeingredient", 
        "pk": 612
    }, 
    {
        "fields": {
            "amount": 20, 
            "recipe": 1, 
            "ingredient": 485
        }, 
        "model": "main.recipeingredient", 
        "pk": 485
    }, 
    {
        "fields": {
            "description": "This is one of my all-time favourite recipes. I just love Great Pumpkin Dessert on weekends!", 
            "creator": 1, 
            "title": "Great Pumpkin Dessert", 
            "creation_time": "09:23:15", 
            "creation_date": "2016-02-02", 
            "average_rating": 4.23, 
            "rating_count": 1, 
            "steps": "[\"Roll the pastry in big rolls.\", \"Take all the ingredients in front of you.\", \"Enjoy your delicious meal!\"]", 
            "servings": 1, 
            "duration": "2:35:00", 
            "image_url": "www.example.com/image.png"
        }, 
        "model": "main.recipe", 
        "pk": 1
    }, 
    {
        "fields": {
            "amount": 15, 
            "recipe": 2, 
            "ingredient": 475
        }, 
        "model": "main.recipeingredient", 
        "pk": 479
    }, 
    {
        "fields": {
            "amount": 5, 
            "recipe": 2, 
            "ingredient": 313
        }, 
        "model": "main.recipeingredient", 
        "pk": 317
    }, 
    {
        "fields": {
            "amount": 2, 
            "recipe": 2, 
            "ingredient": 100
        }, 
        "model": "main.recipeingredient", 
        "pk": 104
    }, 
    {
        "fields": {
            "amount": 4, 
            "recipe": 2, 
            "ingredient": 145
        }, 
        "model": "main.recipeingredient", 
        "pk": 149
    }, 
    {
        "fields": {
            "description": "This is one of my all-time favourite recipes. I just love Bacon Wrapped Chicken on weekends!", 
            "creator": 1, 
            "title": "Bacon Wrapped Chicken", 
            "creation_time": "09:23:15", 
            "creation_date": "2016-02-02", 
            "average_rating": 1.23, 
            "rating_count": 2, 
            "steps": "[\"Roll the pastry in big rolls.\", \"Take all the ingredients in front of you.\", \"Enjoy your delicious meal!\"]", 
            "servings": 1, 
            "duration": "2:35:00", 
            "image_url": "www.example.com/image.png"
        }, 
        "model": "main.recipe", 
        "pk": 2
    }, 
    {
        "fields": {
            "amount": 15, 
            "recipe": 3, 
            "ingredient": 400
        }, 
        "model": "main.recipeingredient", 
        "pk": 408
    }, 
    {
        "fields": {
            "amount": 6, 
            "recipe": 3, 
            "ingredient": 511
        }, 
        "model": "main.recipeingredient", 
        "pk": 519
    }, 
    {
        "fields": {
            "amount": 7, 
            "recipe": 3, 
            "ingredient": 937
        }, 
        "model": "main.recipeingredient", 
        "pk": 945
    }, 
    {
        "fields": {
            "amount": 14, 
            "recipe": 3, 
            "ingredient": 776
        }, 
        "model": "main.recipeingredient", 
        "pk": 784
    }, 
    {
        "fields": {
            "amount": 13, 
            "recipe": 3, 
            "ingredient": 534
        }, 
        "model": "main.recipeingredient", 
        "pk": 542
    }, 
    {
        "fields": {
            "amount": 13, 
            "recipe": 3, 
            "ingredient": 698
        }, 
        "model": "main.recipeingredient", 
        "pk": 706
    }, 
    {
        "fields": {
            "description": "This is one of my all-time favourite recipes. I just love Scrambled Eggs Done Right on weekends!", 
            "creator": 1, 
            "title": "Scrambled Eggs Done Right", 
            "creation_time": "09:23:15", 
            "creation_date": "2016-02-02", 
            "average_rating": 4.23, 
            "rating_count": 3, 
            "steps": "[\"Roll the pastry in big rolls.\", \"Take all the ingredients in front of you.\", \"Enjoy your delicious meal!\"]", 
            "servings": 1, 
            "duration": "2:35:00", 
            "image_url": "www.example.com/image.png"
        }, 
        "model": "main.recipe", 
        "pk": 3
    }, 
    {
        "fields": {
            "username": "user2", 
            "first_name": "", 
            "last_name": "", 
            "is_active": true, 
            "is_superuser": false, 
            "is_staff": false, 
            "last_login": "2016-11-09T18:08:23.137Z", 
            "groups": [], 
            "user_permissions": [], 
            "password": "pbkdf2_sha256$30000$qwdCTXISuS1t$CyHx8U8Q7b/JlX24lOqbUXm+n2BrwNfHVzqNL3GkWs4=", 
            "email": "user2@cookit.com", 
            "date_joined": "2016-11-09T18:08:13.734Z"
        }, 
        "model": "auth.user", 
        "pk": 2
    }, 
    {
        "fields": {
            "favourite_recipes": [
                1
            ], 
            "favourite_users": [
                1
            ], 
            "user": 2
        }, 
        "model": "main.useraccount", 
        "pk": 2
    }, 
    {
        "fields": {
            "infinite": false, 
            "amount": 15, 
            "user_account": 2, 
            "ingredient": 218
        }, 
        "model": "main.useringredient", 
        "pk": 248
    }, 
    {
        "fields": {
            "infinite": false, 
            "amount": 4, 
            "user_account": 2, 
            "ingredient": 714
        }, 
        "model": "main.useringredient", 
        "pk": 744
    }, 
    {
        "fields": {
            "infinite": false, 
            "amount": 7, 
            "user_account": 2, 
            "ingredient": 794
        }, 
        "model": "main.useringredient", 
        "pk": 824
    }, 
    {
        "fields": {
            "infinite": false, 
            "amount": 14, 
            "user_account": 2, 
            "ingredient": 456
        }, 
        "model": "main.useringredient", 
        "pk": 486
    }, 
    {
        "fields": {
            "infinite": false, 
            "amount": 12, 
            "user_account": 2, 
            "ingredient": 816
        }, 
        "model": "main.useringredient", 
        "pk": 846
    }, 
    {
        "fields": {
            "infinite": false, 
            "amount": 12, 
            "user_account": 2, 
            "ingredient": 543
        }, 
        "model": "main.useringredient", 
        "pk": 573
    }, 
    {
        "fields": {
            "infinite": false, 
            "amount": 12, 
            "user_account": 2, 
            "ingredient": 168
        }, 
        "model": "main.useringredient", 
        "pk": 198
    }, 
    {
        "fields": {
            "infinite": false, 
            "amount": 4, 
            "user_account": 2, 
            "ingredient": 471
        }, 
        "model": "main.useringredient", 
        "pk": 501
    }, 
    {
        "fields": {
            "infinite": false, 
            "amount": 15, 
            "user_account": 2, 
            "ingredient": 612
        }, 
        "model": "main.useringredient", 
        "pk": 642
    }, 
    {
        "fields": {
            "infinite": false, 
            "amount": 15, 
            "user_account": 2, 
            "ingredient": 251
        }, 
        "model": "main.useringredient", 
        "pk": 281
    }, 
    {
        "fields": {
            "infinite": false, 
            "amount": 17, 
            "user_account": 2, 
            "ingredient": 718
        }, 
        "model": "main.useringredient", 
        "pk": 748
    }, 
    {
        "fields": {
            "infinite": false, 
            "amount": 18, 
            "user_account": 2, 
            "ingredient": 934
        }, 
        "model": "main.useringredient", 
        "pk": 964
    }, 
    {
        "fields": {
            "cooking_time": "09:23:15", 
            "cooking_date": "2016-02-02", 
            "recipe": "3", 
            "serving_count": "935", 
            "user_account": 2
        }, 
        "model": "main.cookedrecipe", 
        "pk": 934
    }, 
    {
        "fields": {
            "cooking_time": "09:23:15", 
            "cooking_date": "2016-02-02", 
            "recipe": "4", 
            "serving_count": "935", 
            "user_account": 2
        }, 
        "model": "main.cookedrecipe", 
        "pk": 934
    }, 
    {
        "fields": {
            "cooking_time": "09:23:15", 
            "cooking_date": "2016-02-02", 
            "recipe": "5", 
            "serving_count": "935", 
            "user_account": 2
        }, 
        "model": "main.cookedrecipe", 
        "pk": 934
    }, 
    {
        "fields": {
            "amount": 18, 
            "recipe": 4, 
            "ingredient": 373
        }, 
        "model": "main.recipeingredient", 
        "pk": 407
    }, 
    {
        "fields": {
            "amount": 3, 
            "recipe": 4, 
            "ingredient": 745
        }, 
        "model": "main.recipeingredient", 
        "pk": 779
    }, 
    {
        "fields": {
            "amount": 11, 
            "recipe": 4, 
            "ingredient": 127
        }, 
        "model": "main.recipeingredient", 
        "pk": 161
    }, 
    {
        "fields": {
            "description": "This is one of my all-time favourite recipes. I just love Great Pumpkin Dessert on weekends!", 
            "creator": 2, 
            "title": "Great Pumpkin Dessert", 
            "creation_time": "09:23:15", 
            "creation_date": "2016-02-02", 
            "average_rating": 1.23, 
            "rating_count": 2, 
            "steps": "[\"In a large skillet, heat oil over medium high heat. Add coated chicken and saute for about 8 to 10 minutes each side, or until chicken is cooked through and juices run clear.\", \"Roll the pastry in big rolls.\", \"Boil the eggs for 8-9 minutes. Make sure not to boil them for any longer!\", \"Pour tomato sauce into a lightly greased 9x13 inch baking dish. Add chicken, then place a slice of Monterey Jack cheese over each breast, and bake in the preheated oven for 20 minutes or until cheese is completely melted.\", \"Mix them and season with salt and pepper.\", \"Pour beaten eggs into a shallow dish or bowl. In another shallow dish or bowl, mix together the grated Parmesan cheese and bread crumbs. Dip chicken breasts into beaten egg, then into bread crumb mixture to coat.\"]", 
            "servings": 2, 
            "duration": "0:55:00", 
            "image_url": "www.example.com/image.png"
        }, 
        "model": "main.recipe", 
        "pk": 4
    }, 
    {
        "fields": {
            "amount": 11, 
            "recipe": 5, 
            "ingredient": 881
        }, 
        "model": "main.recipeingredient", 
        "pk": 919
    }, 
    {
        "fields": {
            "amount": 2, 
            "recipe": 5, 
            "ingredient": 861
        }, 
        "model": "main.recipeingredient", 
        "pk": 899
    }, 
    {
        "fields": {
            "amount": 16, 
            "recipe": 5, 
            "ingredient": 123
        }, 
        "model": "main.recipeingredient", 
        "pk": 161
    }, 
    {
        "fields": {
            "description": "This is one of my all-time favourite recipes. I just love Black Bean and Rice Enchiladas on weekends!", 
            "creator": 2, 
            "title": "Black Bean and Rice Enchiladas", 
            "creation_time": "09:23:15", 
            "creation_date": "2016-02-02", 
            "average_rating": 1.23, 
            "rating_count": 4, 
            "steps": "[\"In a large skillet, heat oil over medium high heat. Add coated chicken and saute for about 8 to 10 minutes each side, or until chicken is cooked through and juices run clear.\", \"Roll the pastry in big rolls.\", \"Boil the eggs for 8-9 minutes. Make sure not to boil them for any longer!\", \"Pour tomato sauce into a lightly greased 9x13 inch baking dish. Add chicken, then place a slice of Monterey Jack cheese over each breast, and bake in the preheated oven for 20 minutes or until cheese is completely melted.\", \"Mix them and season with salt and pepper.\", \"Pour beaten eggs into a shallow dish or bowl. In another shallow dish or bowl, mix together the grated Parmesan cheese and bread crumbs. Dip chicken breasts into beaten egg, then into bread crumb mixture to coat.\"]", 
            "servings": 2, 
            "duration": "0:55:00", 
            "image_url": "www.example.com/image.png"
        }, 
        "model": "main.recipe", 
        "pk": 5
    }, 
    {
        "fields": {
            "amount": 9, 
            "recipe": 6, 
            "ingredient": 856
        }, 
        "model": "main.recipeingredient", 
        "pk": 898
    }, 
    {
        "fields": {
            "amount": 15, 
            "recipe": 6, 
            "ingredient": 283
        }, 
        "model": "main.recipeingredient", 
        "pk": 325
    }, 
    {
        "fields": {
            "amount": 20, 
            "recipe": 6, 
            "ingredient": 642
        }, 
        "model": "main.recipeingredient", 
        "pk": 684
    }, 
    {
        "fields": {
            "amount": 3, 
            "recipe": 6, 
            "ingredient": 188
        }, 
        "model": "main.recipeingredient", 
        "pk": 230
    }, 
    {
        "fields": {
            "amount": 20, 
            "recipe": 6, 
            "ingredient": 747
        }, 
        "model": "main.recipeingredient", 
        "pk": 789
    }, 
    {
        "fields": {
            "amount": 19, 
            "recipe": 6, 
            "ingredient": 279
        }, 
        "model": "main.recipeingredient", 
        "pk": 321
    }, 
    {
        "fields": {
            "description": "This is one of my all-time favourite recipes. I just love French Veggie Loaf on weekends!", 
            "creator": 2, 
            "title": "French Veggie Loaf", 
            "creation_time": "09:23:15", 
            "creation_date": "2016-02-02", 
            "average_rating": 3.23, 
            "rating_count": 6, 
            "steps": "[\"In a large skillet, heat oil over medium high heat. Add coated chicken and saute for about 8 to 10 minutes each side, or until chicken is cooked through and juices run clear.\", \"Roll the pastry in big rolls.\", \"Boil the eggs for 8-9 minutes. Make sure not to boil them for any longer!\", \"Pour tomato sauce into a lightly greased 9x13 inch baking dish. Add chicken, then place a slice of Monterey Jack cheese over each breast, and bake in the preheated oven for 20 minutes or until cheese is completely melted.\", \"Mix them and season with salt and pepper.\", \"Pour beaten eggs into a shallow dish or bowl. In another shallow dish or bowl, mix together the grated Parmesan cheese and bread crumbs. Dip chicken breasts into beaten egg, then into bread crumb mixture to coat.\"]", 
            "servings": 2, 
            "duration": "0:55:00", 
            "image_url": "www.example.com/image.png"
        }, 
        "model": "main.recipe", 
        "pk": 6
    }, 
    {
        "fields": {
            "username": "user3", 
            "first_name": "", 
            "last_name": "", 
            "is_active": true, 
            "is_superuser": false, 
            "is_staff": false, 
            "last_login": "2016-11-09T18:08:23.137Z", 
            "groups": [], 
            "user_permissions": [], 
            "password": "pbkdf2_sha256$30000$qwdCTXISuS1t$CyHx8U8Q7b/JlX24lOqbUXm+n2BrwNfHVzqNL3GkWs4=", 
            "email": "user3@cookit.com", 
            "date_joined": "2016-11-09T18:08:13.734Z"
        }, 
        "model": "auth.user", 
        "pk": 3
    }, 
    {
        "fields": {
            "favourite_recipes": [
                1, 
                2
            ], 
            "favourite_users": [
                1, 
                2
            ], 
            "user": 3
        }, 
        "model": "main.useraccount", 
        "pk": 3
    }, 
    {
        "fields": {
            "infinite": false, 
            "amount": 18, 
            "user_account": 3, 
            "ingredient": 203
        }, 
        "model": "main.useringredient", 
        "pk": 263
    }, 
    {
        "fields": {
            "infinite": false, 
            "amount": 4, 
            "user_account": 3, 
            "ingredient": 499
        }, 
        "model": "main.useringredient", 
        "pk": 559
    }, 
    {
        "fields": {
            "infinite": false, 
            "amount": 19, 
            "user_account": 3, 
            "ingredient": 179
        }, 
        "model": "main.useringredient", 
        "pk": 239
    }, 
    {
        "fields": {
            "infinite": false, 
            "amount": 7, 
            "user_account": 3, 
            "ingredient": 855
        }, 
        "model": "main.useringredient", 
        "pk": 915
    }, 
    {
        "fields": {
            "infinite": false, 
            "amount": 6, 
            "user_account": 3, 
            "ingredient": 567
        }, 
        "model": "main.useringredient", 
        "pk": 627
    }, 
    {
        "fields": {
            "infinite": false, 
            "amount": 12, 
            "user_account": 3, 
            "ingredient": 753
        }, 
        "model": "main.useringredient", 
        "pk": 813
    }, 
    {
        "fields": {
            "infinite": false, 
            "amount": 5, 
            "user_account": 3, 
            "ingredient": 422
        }, 
        "model": "main.useringredient", 
        "pk": 482
    }, 
    {
        "fields": {
            "infinite": false, 
            "amount": 18, 
            "user_account": 3, 
            "ingredient": 387
        }, 
        "model": "main.useringredient", 
        "pk": 447
    }, 
    {
        "fields": {
            "infinite": false, 
            "amount": 16, 
            "user_account": 3, 
            "ingredient": 796
        }, 
        "model": "main.useringredient", 
        "pk": 856
    }, 
    {
        "fields": {
            "infinite": false, 
            "amount": 17, 
            "user_account": 3, 
            "ingredient": 752
        }, 
        "model": "main.useringredient", 
        "pk": 812
    }, 
    {
        "fields": {
            "infinite": false, 
            "amount": 16, 
            "user_account": 3, 
            "ingredient": 562
        }, 
        "model": "main.useringredient", 
        "pk": 622
    }, 
    {
        "fields": {
            "cooking_time": "09:23:15", 
            "cooking_date": "2016-02-02", 
            "recipe": "6", 
            "serving_count": "563", 
            "user_account": 3
        }, 
        "model": "main.cookedrecipe", 
        "pk": 562
    }, 
    {
        "fields": {
            "cooking_time": "09:23:15", 
            "cooking_date": "2016-02-02", 
            "recipe": "7", 
            "serving_count": "563", 
            "user_account": 3
        }, 
        "model": "main.cookedrecipe", 
        "pk": 562
    }, 
    {
        "fields": {
            "cooking_time": "09:23:15", 
            "cooking_date": "2016-02-02", 
            "recipe": "8", 
            "serving_count": "563", 
            "user_account": 3
        }, 
        "model": "main.cookedrecipe", 
        "pk": 562
    }, 
    {
        "fields": {
            "amount": 6, 
            "recipe": 7, 
            "ingredient": 218
        }, 
        "model": "main.recipeingredient", 
        "pk": 286
    }, 
    {
        "fields": {
            "amount": 7, 
            "recipe": 7, 
            "ingredient": 538
        }, 
        "model": "main.recipeingredient", 
        "pk": 606
    }, 
    {
        "fields": {
            "amount": 2, 
            "recipe": 7, 
            "ingredient": 578
        }, 
        "model": "main.recipeingredient", 
        "pk": 646
    }, 
    {
        "fields": {
            "amount": 17, 
            "recipe": 7, 
            "ingredient": 527
        }, 
        "model": "main.recipeingredient", 
        "pk": 595
    }, 
    {
        "fields": {
            "description": "This is one of my all-time favourite recipes. I just love Shrimp Francesca on weekends!", 
            "creator": 3, 
            "title": "Shrimp Francesca", 
            "creation_time": "09:23:15", 
            "creation_date": "2016-02-02", 
            "average_rating": 4.23, 
            "rating_count": 3, 
            "steps": "[\"Spoon a rounded 1/2 cup bean mixture down the center of each tortilla. Fold sides over filling and roll up. Place enchiladas seam side down in baking dish; spoon salsa over each tortilla. Cover baking dish with aluminum foil.\", \"In a large skillet, heat oil over medium high heat. Add coated chicken and saute for about 8 to 10 minutes each side, or until chicken is cooked through and juices run clear.\", \"Deep fry the seasoned chicken legs\", \"Pour tomato sauce into a lightly greased 9x13 inch baking dish. Add chicken, then place a slice of Monterey Jack cheese over each breast, and bake in the preheated oven for 20 minutes or until cheese is completely melted.\", \"Roll the pastry in big rolls.\"]", 
            "servings": 3, 
            "duration": "3:29:00", 
            "image_url": "www.example.com/image.png"
        }, 
        "model": "main.recipe", 
        "pk": 7
    }, 
    {
        "fields": {
            "amount": 7, 
            "recipe": 8, 
            "ingredient": 108
        }, 
        "model": "main.recipeingredient", 
        "pk": 180
    }, 
    {
        "fields": {
            "amount": 17, 
            "recipe": 8, 
            "ingredient": 703
        }, 
        "model": "main.recipeingredient", 
        "pk": 775
    }, 
    {
        "fields": {
            "amount": 5, 
            "recipe": 8, 
            "ingredient": 252
        }, 
        "model": "main.recipeingredient", 
        "pk": 324
    }, 
    {
        "fields": {
            "amount": 13, 
            "recipe": 8, 
            "ingredient": 633
        }, 
        "model": "main.recipeingredient", 
        "pk": 705
    }, 
    {
        "fields": {
            "description": "This is one of my all-time favourite recipes. I just love Scrambled Eggs Done Right on weekends!", 
            "creator": 3, 
            "title": "Scrambled Eggs Done Right", 
            "creation_time": "09:23:15", 
            "creation_date": "2016-02-02", 
            "average_rating": 4.23, 
            "rating_count": 6, 
            "steps": "[\"Spoon a rounded 1/2 cup bean mixture down the center of each tortilla. Fold sides over filling and roll up. Place enchiladas seam side down in baking dish; spoon salsa over each tortilla. Cover baking dish with aluminum foil.\", \"In a large skillet, heat oil over medium high heat. Add coated chicken and saute for about 8 to 10 minutes each side, or until chicken is cooked through and juices run clear.\", \"Deep fry the seasoned chicken legs\", \"Pour tomato sauce into a lightly greased 9x13 inch baking dish. Add chicken, then place a slice of Monterey Jack cheese over each breast, and bake in the preheated oven for 20 minutes or until cheese is completely melted.\", \"Roll the pastry in big rolls.\"]", 
            "servings": 3, 
            "duration": "3:29:00", 
            "image_url": "www.example.com/image.png"
        }, 
        "model": "main.recipe", 
        "pk": 8
    }, 
    {
        "fields": {
            "amount": 17, 
            "recipe": 9, 
            "ingredient": 730
        }, 
        "model": "main.recipeingredient", 
        "pk": 806
    }, 
    {
        "fields": {
            "amount": 14, 
            "recipe": 9, 
            "ingredient": 736
        }, 
        "model": "main.recipeingredient", 
        "pk": 812
    }, 
    {
        "fields": {
            "amount": 20, 
            "recipe": 9, 
            "ingredient": 182
        }, 
        "model": "main.recipeingredient", 
        "pk": 258
    }, 
    {
        "fields": {
            "amount": 16, 
            "recipe": 9, 
            "ingredient": 257
        }, 
        "model": "main.recipeingredient", 
        "pk": 333
    }, 
    {
        "fields": {
            "description": "This is one of my all-time favourite recipes. I just love Crispy Baked Chicken on weekends!", 
            "creator": 3, 
            "title": "Crispy Baked Chicken", 
            "creation_time": "09:23:15", 
            "creation_date": "2016-02-02", 
            "average_rating": 1.23, 
            "rating_count": 9, 
            "steps": "[\"Spoon a rounded 1/2 cup bean mixture down the center of each tortilla. Fold sides over filling and roll up. Place enchiladas seam side down in baking dish; spoon salsa over each tortilla. Cover baking dish with aluminum foil.\", \"In a large skillet, heat oil over medium high heat. Add coated chicken and saute for about 8 to 10 minutes each side, or until chicken is cooked through and juices run clear.\", \"Deep fry the seasoned chicken legs\", \"Pour tomato sauce into a lightly greased 9x13 inch baking dish. Add chicken, then place a slice of Monterey Jack cheese over each breast, and bake in the preheated oven for 20 minutes or until cheese is completely melted.\", \"Roll the pastry in big rolls.\"]", 
            "servings": 3, 
            "duration": "3:29:00", 
            "image_url": "www.example.com/image.png"
        }, 
        "model": "main.recipe", 
        "pk": 9
    }, 
    {
        "fields": {
            "username": "user4", 
            "first_name": "", 
            "last_name": "", 
            "is_active": true, 
            "is_superuser": false, 
            "is_staff": false, 
            "last_login": "2016-11-09T18:08:23.137Z", 
            "groups": [], 
            "user_permissions": [], 
            "password": "pbkdf2_sha256$30000$qwdCTXISuS1t$CyHx8U8Q7b/JlX24lOqbUXm+n2BrwNfHVzqNL3GkWs4=", 
            "email": "user4@cookit.com", 
            "date_joined": "2016-11-09T18:08:13.734Z"
        }, 
        "model": "auth.user", 
        "pk": 4
    }, 
    {
        "fields": {
            "favourite_recipes": [
                1, 
                2, 
                3
            ], 
            "favourite_users": [
                1, 
                2, 
                3
            ], 
            "user": 4
        }, 
        "model": "main.useraccount", 
        "pk": 4
    }, 
    {
        "fields": {
            "infinite": false, 
            "amount": 20, 
            "user_account": 4, 
            "ingredient": 867
        }, 
        "model": "main.useringredient", 
        "pk": 957
    }, 
    {
        "fields": {
            "infinite": false, 
            "amount": 13, 
            "user_account": 4, 
            "ingredient": 3
        }, 
        "model": "main.useringredient", 
        "pk": 93
    }, 
    {
        "fields": {
            "infinite": false, 
            "amount": 19, 
            "user_account": 4, 
            "ingredient": 886
        }, 
        "model": "main.useringredient", 
        "pk": 976
    }, 
    {
        "fields": {
            "infinite": false, 
            "amount": 6, 
            "user_account": 4, 
            "ingredient": 10
        }, 
        "model": "main.useringredient", 
        "pk": 100
    }, 
    {
        "fields": {
            "infinite": false, 
            "amount": 9, 
            "user_account": 4, 
            "ingredient": 42
        }, 
        "model": "main.useringredient", 
        "pk": 132
    }, 
    {
        "fields": {
            "infinite": false, 
            "amount": 18, 
            "user_account": 4, 
            "ingredient": 210
        }, 
        "model": "main.useringredient", 
        "pk": 300
    }, 
    {
        "fields": {
            "cooking_time": "09:23:15", 
            "cooking_date": "2016-02-02", 
            "recipe": "9", 
            "serving_count": "211", 
            "user_account": 4
        }, 
        "model": "main.cookedrecipe", 
        "pk": 210
    }, 
    {
        "fields": {
            "cooking_time": "09:23:15", 
            "cooking_date": "2016-02-02", 
            "recipe": "10", 
            "serving_count": "211", 
            "user_account": 4
        }, 
        "model": "main.cookedrecipe", 
        "pk": 210
    }, 
    {
        "fields": {
            "cooking_time": "09:23:15", 
            "cooking_date": "2016-02-02", 
            "recipe": "11", 
            "serving_count": "211", 
            "user_account": 4
        }, 
        "model": "main.cookedrecipe", 
        "pk": 210
    }, 
    {
        "fields": {
            "amount": 8, 
            "recipe": 10, 
            "ingredient": 168
        }, 
        "model": "main.recipeingredient", 
        "pk": 270
    }, 
    {
        "fields": {
            "amount": 18, 
            "recipe": 10, 
            "ingredient": 146
        }, 
        "model": "main.recipeingredient", 
        "pk": 248
    }, 
    {
        "fields": {
            "amount": 13, 
            "recipe": 10, 
            "ingredient": 143
        }, 
        "model": "main.recipeingredient", 
        "pk": 245
    }, 
    {
        "fields": {
            "amount": 3, 
            "recipe": 10, 
            "ingredient": 781
        }, 
        "model": "main.recipeingredient", 
        "pk": 883
    }, 
    {
        "fields": {
            "amount": 8, 
            "recipe": 10, 
            "ingredient": 909
        }, 
        "model": "main.recipeingredient", 
        "pk": 1011
    }, 
    {
        "fields": {
            "amount": 17, 
            "recipe": 10, 
            "ingredient": 542
        }, 
        "model": "main.recipeingredient", 
        "pk": 644
    }, 
    {
        "fields": {
            "description": "This is one of my all-time favourite recipes. I just love Skillet Pork Chops with Potatoes and Onion on weekends!", 
            "creator": 4, 
            "title": "Skillet Pork Chops with Potatoes and Onion", 
            "creation_time": "09:23:15", 
            "creation_date": "2016-02-02", 
            "average_rating": 4.23, 
            "rating_count": 4, 
            "steps": "[\"Fry them in a frying pan for 20 minutes.\", \"Preheat oven to 375 degrees F (190 degrees C).\", \"Put it in the oven for 30 minutes.Add some vinegar\", \"Start by slicing the vegetables and the meat.\", \"Mix them and season with salt and pepper.\", \"Roll the pastry in big rolls.\"]", 
            "servings": 4, 
            "duration": "4:14:00", 
            "image_url": "www.example.com/image.png"
        }, 
        "model": "main.recipe", 
        "pk": 10
    }, 
    {
        "fields": {
            "amount": 9, 
            "recipe": 11, 
            "ingredient": 466
        }, 
        "model": "main.recipeingredient", 
        "pk": 572
    }, 
    {
        "fields": {
            "amount": 3, 
            "recipe": 11, 
            "ingredient": 74
        }, 
        "model": "main.recipeingredient", 
        "pk": 180
    }, 
    {
        "fields": {
            "amount": 18, 
            "recipe": 11, 
            "ingredient": 437
        }, 
        "model": "main.recipeingredient", 
        "pk": 543
    }, 
    {
        "fields": {
            "description": "This is one of my all-time favourite recipes. I just love Ham Casserole on weekends!", 
            "creator": 4, 
            "title": "Ham Casserole", 
            "creation_time": "09:23:15", 
            "creation_date": "2016-02-02", 
            "average_rating": 4.23, 
            "rating_count": 8, 
            "steps": "[\"Fry them in a frying pan for 20 minutes.\", \"Preheat oven to 375 degrees F (190 degrees C).\", \"Put it in the oven for 30 minutes.Add some vinegar\", \"Start by slicing the vegetables and the meat.\", \"Mix them and season with salt and pepper.\", \"Roll the pastry in big rolls.\"]", 
            "servings": 4, 
            "duration": "4:14:00", 
            "image_url": "www.example.com/image.png"
        }, 
        "model": "main.recipe", 
        "pk": 11
    }, 
    {
        "fields": {
            "amount": 11, 
            "recipe": 12, 
            "ingredient": 937
        }, 
        "model": "main.recipeingredient", 
        "pk": 1047
    }, 
    {
        "fields": {
            "amount": 20, 
            "recipe": 12, 
            "ingredient": 828
        }, 
        "model": "main.recipeingredient", 
        "pk": 938
    }, 
    {
        "fields": {
            "amount": 15, 
            "recipe": 12, 
            "ingredient": 759
        }, 
        "model": "main.recipeingredient", 
        "pk": 869
    }, 
    {
        "fields": {
            "amount": 18, 
            "recipe": 12, 
            "ingredient": 5
        }, 
        "model": "main.recipeingredient", 
        "pk": 115
    }, 
    {
        "fields": {
            "description": "This is one of my all-time favourite recipes. I just love Chicken Parmigiana on weekends!", 
            "creator": 4, 
            "title": "Chicken Parmigiana", 
            "creation_time": "09:23:15", 
            "creation_date": "2016-02-02", 
            "average_rating": 2.23, 
            "rating_count": 12, 
            "steps": "[\"Fry them in a frying pan for 20 minutes.\", \"Preheat oven to 375 degrees F (190 degrees C).\", \"Put it in the oven for 30 minutes.Add some vinegar\", \"Start by slicing the vegetables and the meat.\", \"Mix them and season with salt and pepper.\", \"Roll the pastry in big rolls.\"]", 
            "servings": 4, 
            "duration": "4:14:00", 
            "image_url": "www.example.com/image.png"
        }, 
        "model": "main.recipe", 
        "pk": 12
    }, 
    {
        "fields": {
            "username": "user5", 
            "first_name": "", 
            "last_name": "", 
            "is_active": true, 
            "is_superuser": false, 
            "is_staff": false, 
            "last_login": "2016-11-09T18:08:23.137Z", 
            "groups": [], 
            "user_permissions": [], 
            "password": "pbkdf2_sha256$30000$qwdCTXISuS1t$CyHx8U8Q7b/JlX24lOqbUXm+n2BrwNfHVzqNL3GkWs4=", 
            "email": "user5@cookit.com", 
            "date_joined": "2016-11-09T18:08:13.734Z"
        }, 
        "model": "auth.user", 
        "pk": 5
    }, 
    {
        "fields": {
            "favourite_recipes": [
                1, 
                2, 
                3, 
                4
            ], 
            "favourite_users": [
                1, 
                2, 
                3, 
                4
            ], 
            "user": 5
        }, 
        "model": "main.useraccount", 
        "pk": 5
    }, 
    {
        "fields": {
            "infinite": false, 
            "amount": 8, 
            "user_account": 5, 
            "ingredient": 555
        }, 
        "model": "main.useringredient", 
        "pk": 675
    }, 
    {
        "fields": {
            "infinite": false, 
            "amount": 15, 
            "user_account": 5, 
            "ingredient": 117
        }, 
        "model": "main.useringredient", 
        "pk": 237
    }, 
    {
        "fields": {
            "infinite": false, 
            "amount": 12, 
            "user_account": 5, 
            "ingredient": 660
        }, 
        "model": "main.useringredient", 
        "pk": 780
    }, 
    {
        "fields": {
            "infinite": false, 
            "amount": 18, 
            "user_account": 5, 
            "ingredient": 747
        }, 
        "model": "main.useringredient", 
        "pk": 867
    }, 
    {
        "fields": {
            "infinite": false, 
            "amount": 11, 
            "user_account": 5, 
            "ingredient": 234
        }, 
        "model": "main.useringredient", 
        "pk": 354
    }, 
    {
        "fields": {
            "infinite": false, 
            "amount": 15, 
            "user_account": 5, 
            "ingredient": 897
        }, 
        "model": "main.useringredient", 
        "pk": 1017
    }, 
    {
        "fields": {
            "infinite": false, 
            "amount": 16, 
            "user_account": 5, 
            "ingredient": 127
        }, 
        "model": "main.useringredient", 
        "pk": 247
    }, 
    {
        "fields": {
            "infinite": false, 
            "amount": 14, 
            "user_account": 5, 
            "ingredient": 628
        }, 
        "model": "main.useringredient", 
        "pk": 748
    }, 
    {
        "fields": {
            "infinite": false, 
            "amount": 13, 
            "user_account": 5, 
            "ingredient": 254
        }, 
        "model": "main.useringredient", 
        "pk": 374
    }, 
    {
        "fields": {
            "infinite": false, 
            "amount": 11, 
            "user_account": 5, 
            "ingredient": 780
        }, 
        "model": "main.useringredient", 
        "pk": 900
    }, 
    {
        "fields": {
            "infinite": false, 
            "amount": 5, 
            "user_account": 5, 
            "ingredient": 364
        }, 
        "model": "main.useringredient", 
        "pk": 484
    }, 
    {
        "fields": {
            "infinite": false, 
            "amount": 6, 
            "user_account": 5, 
            "ingredient": 839
        }, 
        "model": "main.useringredient", 
        "pk": 959
    }, 
    {
        "fields": {
            "infinite": false, 
            "amount": 13, 
            "user_account": 5, 
            "ingredient": 33
        }, 
        "model": "main.useringredient", 
        "pk": 153
    }, 
    {
        "fields": {
            "infinite": false, 
            "amount": 18, 
            "user_account": 5, 
            "ingredient": 515
        }, 
        "model": "main.useringredient", 
        "pk": 635
    }, 
    {
        "fields": {
            "infinite": false, 
            "amount": 7, 
            "user_account": 5, 
            "ingredient": 534
        }, 
        "model": "main.useringredient", 
        "pk": 654
    }, 
    {
        "fields": {
            "infinite": false, 
            "amount": 19, 
            "user_account": 5, 
            "ingredient": 63
        }, 
        "model": "main.useringredient", 
        "pk": 183
    }, 
    {
        "fields": {
            "cooking_time": "09:23:15", 
            "cooking_date": "2016-02-02", 
            "recipe": "12", 
            "serving_count": "64", 
            "user_account": 5
        }, 
        "model": "main.cookedrecipe", 
        "pk": 63
    }, 
    {
        "fields": {
            "cooking_time": "09:23:15", 
            "cooking_date": "2016-02-02", 
            "recipe": "13", 
            "serving_count": "64", 
            "user_account": 5
        }, 
        "model": "main.cookedrecipe", 
        "pk": 63
    }, 
    {
        "fields": {
            "cooking_time": "09:23:15", 
            "cooking_date": "2016-02-02", 
            "recipe": "14", 
            "serving_count": "64", 
            "user_account": 5
        }, 
        "model": "main.cookedrecipe", 
        "pk": 63
    }, 
    {
        "fields": {
            "amount": 20, 
            "recipe": 13, 
            "ingredient": 278
        }, 
        "model": "main.recipeingredient", 
        "pk": 414
    }, 
    {
        "fields": {
            "amount": 5, 
            "recipe": 13, 
            "ingredient": 570
        }, 
        "model": "main.recipeingredient", 
        "pk": 706
    }, 
    {
        "fields": {
            "amount": 6, 
            "recipe": 13, 
            "ingredient": 430
        }, 
        "model": "main.recipeingredient", 
        "pk": 566
    }, 
    {
        "fields": {
            "description": "This is one of my all-time favourite recipes. I just love Skillet Pork Chops with Potatoes and Onion on weekends!", 
            "creator": 5, 
            "title": "Skillet Pork Chops with Potatoes and Onion", 
            "creation_time": "09:23:15", 
            "creation_date": "2016-02-02", 
            "average_rating": 3.23, 
            "rating_count": 5, 
            "steps": "[\"Roll the pastry in big rolls.\", \"Start by slicing the vegetables and the meat.\", \"Pour tomato sauce into a lightly greased 9x13 inch baking dish. Add chicken, then place a slice of Monterey Jack cheese over each breast, and bake in the preheated oven for 20 minutes or until cheese is completely melted.\", \"To serve, divide hot cooked rice mixture between 3 serving bowls and top each bowl with 1/3 of the vegetable mixture and a fried egg. Serve sweet red chili sauce on the side for mixing into bibimbap.\", \"Heat the water and add some salt to it.\", \"Mash the ingredients into a paste. Add some water if it gets too thick\"]", 
            "servings": 5, 
            "duration": "4:43:00", 
            "image_url": "www.example.com/image.png"
        }, 
        "model": "main.recipe", 
        "pk": 13
    }, 
    {
        "fields": {
            "amount": 4, 
            "recipe": 14, 
            "ingredient": 673
        }, 
        "model": "main.recipeingredient", 
        "pk": 813
    }, 
    {
        "fields": {
            "amount": 17, 
            "recipe": 14, 
            "ingredient": 937
        }, 
        "model": "main.recipeingredient", 
        "pk": 1077
    }, 
    {
        "fields": {
            "amount": 16, 
            "recipe": 14, 
            "ingredient": 112
        }, 
        "model": "main.recipeingredient", 
        "pk": 252
    }, 
    {
        "fields": {
            "description": "This is one of my all-time favourite recipes. I just love French Veggie Loaf on weekends!", 
            "creator": 5, 
            "title": "French Veggie Loaf", 
            "creation_time": "09:23:15", 
            "creation_date": "2016-02-02", 
            "average_rating": 4.23, 
            "rating_count": 10, 
            "steps": "[\"Roll the pastry in big rolls.\", \"Start by slicing the vegetables and the meat.\", \"Pour tomato sauce into a lightly greased 9x13 inch baking dish. Add chicken, then place a slice of Monterey Jack cheese over each breast, and bake in the preheated oven for 20 minutes or until cheese is completely melted.\", \"To serve, divide hot cooked rice mixture between 3 serving bowls and top each bowl with 1/3 of the vegetable mixture and a fried egg. Serve sweet red chili sauce on the side for mixing into bibimbap.\", \"Heat the water and add some salt to it.\", \"Mash the ingredients into a paste. Add some water if it gets too thick\"]", 
            "servings": 5, 
            "duration": "4:43:00", 
            "image_url": "www.example.com/image.png"
        }, 
        "model": "main.recipe", 
        "pk": 14
    }, 
    {
        "fields": {
            "amount": 12, 
            "recipe": 15, 
            "ingredient": 722
        }, 
        "model": "main.recipeingredient", 
        "pk": 866
    }, 
    {
        "fields": {
            "amount": 19, 
            "recipe": 15, 
            "ingredient": 792
        }, 
        "model": "main.recipeingredient", 
        "pk": 936
    }, 
    {
        "fields": {
            "amount": 18, 
            "recipe": 15, 
            "ingredient": 762
        }, 
        "model": "main.recipeingredient", 
        "pk": 906
    }, 
    {
        "fields": {
            "amount": 11, 
            "recipe": 15, 
            "ingredient": 105
        }, 
        "model": "main.recipeingredient", 
        "pk": 249
    }, 
    {
        "fields": {
            "amount": 12, 
            "recipe": 15, 
            "ingredient": 167
        }, 
        "model": "main.recipeingredient", 
        "pk": 311
    }, 
    {
        "fields": {
            "description": "This is one of my all-time favourite recipes. I just love Lasagna Roll Ups on weekends!", 
            "creator": 5, 
            "title": "Lasagna Roll Ups", 
            "creation_time": "09:23:15", 
            "creation_date": "2016-02-02", 
            "average_rating": 1.23, 
            "rating_count": 15, 
            "steps": "[\"Roll the pastry in big rolls.\", \"Start by slicing the vegetables and the meat.\", \"Pour tomato sauce into a lightly greased 9x13 inch baking dish. Add chicken, then place a slice of Monterey Jack cheese over each breast, and bake in the preheated oven for 20 minutes or until cheese is completely melted.\", \"To serve, divide hot cooked rice mixture between 3 serving bowls and top each bowl with 1/3 of the vegetable mixture and a fried egg. Serve sweet red chili sauce on the side for mixing into bibimbap.\", \"Heat the water and add some salt to it.\", \"Mash the ingredients into a paste. Add some water if it gets too thick\"]", 
            "servings": 5, 
            "duration": "4:43:00", 
            "image_url": "www.example.com/image.png"
        }, 
        "model": "main.recipe", 
        "pk": 15
    }, 
    {
        "fields": {
            "username": "user6", 
            "first_name": "", 
            "last_name": "", 
            "is_active": true, 
            "is_superuser": false, 
            "is_staff": false, 
            "last_login": "2016-11-09T18:08:23.137Z", 
            "groups": [], 
            "user_permissions": [], 
            "password": "pbkdf2_sha256$30000$qwdCTXISuS1t$CyHx8U8Q7b/JlX24lOqbUXm+n2BrwNfHVzqNL3GkWs4=", 
            "email": "user6@cookit.com", 
            "date_joined": "2016-11-09T18:08:13.734Z"
        }, 
        "model": "auth.user", 
        "pk": 6
    }, 
    {
        "fields": {
            "favourite_recipes": [
                1, 
                2, 
                3, 
                4, 
                5
            ], 
            "favourite_users": [
                1, 
                2, 
                3, 
                4, 
                5
            ], 
            "user": 6
        }, 
        "model": "main.useraccount", 
        "pk": 6
    }, 
    {
        "fields": {
            "infinite": false, 
            "amount": 20, 
            "user_account": 6, 
            "ingredient": 776
        }, 
        "model": "main.useringredient", 
        "pk": 926
    }, 
    {
        "fields": {
            "infinite": false, 
            "amount": 11, 
            "user_account": 6, 
            "ingredient": 517
        }, 
        "model": "main.useringredient", 
        "pk": 667
    }, 
    {
        "fields": {
            "infinite": false, 
            "amount": 4, 
            "user_account": 6, 
            "ingredient": 293
        }, 
        "model": "main.useringredient", 
        "pk": 443
    }, 
    {
        "fields": {
            "infinite": false, 
            "amount": 17, 
            "user_account": 6, 
            "ingredient": 806
        }, 
        "model": "main.useringredient", 
        "pk": 956
    }, 
    {
        "fields": {
            "infinite": false, 
            "amount": 11, 
            "user_account": 6, 
            "ingredient": 565
        }, 
        "model": "main.useringredient", 
        "pk": 715
    }, 
    {
        "fields": {
            "cooking_time": "09:23:15", 
            "cooking_date": "2016-02-02", 
            "recipe": "15", 
            "serving_count": "566", 
            "user_account": 6
        }, 
        "model": "main.cookedrecipe", 
        "pk": 565
    }, 
    {
        "fields": {
            "cooking_time": "09:23:15", 
            "cooking_date": "2016-02-02", 
            "recipe": "16", 
            "serving_count": "566", 
            "user_account": 6
        }, 
        "model": "main.cookedrecipe", 
        "pk": 565
    }, 
    {
        "fields": {
            "cooking_time": "09:23:15", 
            "cooking_date": "2016-02-02", 
            "recipe": "17", 
            "serving_count": "566", 
            "user_account": 6
        }, 
        "model": "main.cookedrecipe", 
        "pk": 565
    }, 
    {
        "fields": {
            "amount": 10, 
            "recipe": 16, 
            "ingredient": 850
        }, 
        "model": "main.recipeingredient", 
        "pk": 1020
    }, 
    {
        "fields": {
            "amount": 4, 
            "recipe": 16, 
            "ingredient": 397
        }, 
        "model": "main.recipeingredient", 
        "pk": 567
    }, 
    {
        "fields": {
            "amount": 19, 
            "recipe": 16, 
            "ingredient": 650
        }, 
        "model": "main.recipeingredient", 
        "pk": 820
    }, 
    {
        "fields": {
            "amount": 3, 
            "recipe": 16, 
            "ingredient": 91
        }, 
        "model": "main.recipeingredient", 
        "pk": 261
    }, 
    {
        "fields": {
            "amount": 2, 
            "recipe": 16, 
            "ingredient": 319
        }, 
        "model": "main.recipeingredient", 
        "pk": 489
    }, 
    {
        "fields": {
            "amount": 5, 
            "recipe": 16, 
            "ingredient": 50
        }, 
        "model": "main.recipeingredient", 
        "pk": 220
    }, 
    {
        "fields": {
            "description": "This is one of my all-time favourite recipes. I just love Slow Cooker Belgian Chicken Booyah on weekends!", 
            "creator": 6, 
            "title": "Slow Cooker Belgian Chicken Booyah", 
            "creation_time": "09:23:15", 
            "creation_date": "2016-02-02", 
            "average_rating": 3.23, 
            "rating_count": 6, 
            "steps": "[\"Season the ingredients with pepper.\", \"Roll the pastry in big rolls.\", \"Pour tomato sauce into a lightly greased 9x13 inch baking dish. Add chicken, then place a slice of Monterey Jack cheese over each breast, and bake in the preheated oven for 20 minutes or until cheese is completely melted.\", \"Spoon a rounded 1/2 cup bean mixture down the center of each tortilla. Fold sides over filling and roll up. Place enchiladas seam side down in baking dish; spoon salsa over each tortilla. Cover baking dish with aluminum foil.\", \"Heat the water and add some salt to it.\", \"Boil the eggs for 8-9 minutes. Make sure not to boil them for any longer!\"]", 
            "servings": 6, 
            "duration": "1:41:00", 
            "image_url": "www.example.com/image.png"
        }, 
        "model": "main.recipe", 
        "pk": 16
    }, 
    {
        "fields": {
            "amount": 13, 
            "recipe": 17, 
            "ingredient": 767
        }, 
        "model": "main.recipeingredient", 
        "pk": 941
    }, 
    {
        "fields": {
            "amount": 20, 
            "recipe": 17, 
            "ingredient": 201
        }, 
        "model": "main.recipeingredient", 
        "pk": 375
    }, 
    {
        "fields": {
            "amount": 9, 
            "recipe": 17, 
            "ingredient": 733
        }, 
        "model": "main.recipeingredient", 
        "pk": 907
    }, 
    {
        "fields": {
            "amount": 8, 
            "recipe": 17, 
            "ingredient": 635
        }, 
        "model": "main.recipeingredient", 
        "pk": 809
    }, 
    {
        "fields": {
            "amount": 9, 
            "recipe": 17, 
            "ingredient": 566
        }, 
        "model": "main.recipeingredient", 
        "pk": 740
    }, 
    {
        "fields": {
            "description": "This is one of my all-time favourite recipes. I just love Zesty Apple Salad on weekends!", 
            "creator": 6, 
            "title": "Zesty Apple Salad", 
            "creation_time": "09:23:15", 
            "creation_date": "2016-02-02", 
            "average_rating": 3.23, 
            "rating_count": 12, 
            "steps": "[\"Season the ingredients with pepper.\", \"Roll the pastry in big rolls.\", \"Pour tomato sauce into a lightly greased 9x13 inch baking dish. Add chicken, then place a slice of Monterey Jack cheese over each breast, and bake in the preheated oven for 20 minutes or until cheese is completely melted.\", \"Spoon a rounded 1/2 cup bean mixture down the center of each tortilla. Fold sides over filling and roll up. Place enchiladas seam side down in baking dish; spoon salsa over each tortilla. Cover baking dish with aluminum foil.\", \"Heat the water and add some salt to it.\", \"Boil the eggs for 8-9 minutes. Make sure not to boil them for any longer!\"]", 
            "servings": 6, 
            "duration": "1:41:00", 
            "image_url": "www.example.com/image.png"
        }, 
        "model": "main.recipe", 
        "pk": 17
    }, 
    {
        "fields": {
            "amount": 15, 
            "recipe": 18, 
            "ingredient": 268
        }, 
        "model": "main.recipeingredient", 
        "pk": 446
    }, 
    {
        "fields": {
            "amount": 2, 
            "recipe": 18, 
            "ingredient": 471
        }, 
        "model": "main.recipeingredient", 
        "pk": 649
    }, 
    {
        "fields": {
            "amount": 3, 
            "recipe": 18, 
            "ingredient": 517
        }, 
        "model": "main.recipeingredient", 
        "pk": 695
    }, 
    {
        "fields": {
            "amount": 11, 
            "recipe": 18, 
            "ingredient": 663
        }, 
        "model": "main.recipeingredient", 
        "pk": 841
    }, 
    {
        "fields": {
            "description": "This is one of my all-time favourite recipes. I just love Shrimp Francesca on weekends!", 
            "creator": 6, 
            "title": "Shrimp Francesca", 
            "creation_time": "09:23:15", 
            "creation_date": "2016-02-02", 
            "average_rating": 3.23, 
            "rating_count": 18, 
            "steps": "[\"Season the ingredients with pepper.\", \"Roll the pastry in big rolls.\", \"Pour tomato sauce into a lightly greased 9x13 inch baking dish. Add chicken, then place a slice of Monterey Jack cheese over each breast, and bake in the preheated oven for 20 minutes or until cheese is completely melted.\", \"Spoon a rounded 1/2 cup bean mixture down the center of each tortilla. Fold sides over filling and roll up. Place enchiladas seam side down in baking dish; spoon salsa over each tortilla. Cover baking dish with aluminum foil.\", \"Heat the water and add some salt to it.\", \"Boil the eggs for 8-9 minutes. Make sure not to boil them for any longer!\"]", 
            "servings": 6, 
            "duration": "1:41:00", 
            "image_url": "www.example.com/image.png"
        }, 
        "model": "main.recipe", 
        "pk": 18
    }, 
    {
        "fields": {
            "username": "user7", 
            "first_name": "", 
            "last_name": "", 
            "is_active": true, 
            "is_superuser": false, 
            "is_staff": false, 
            "last_login": "2016-11-09T18:08:23.137Z", 
            "groups": [], 
            "user_permissions": [], 
            "password": "pbkdf2_sha256$30000$qwdCTXISuS1t$CyHx8U8Q7b/JlX24lOqbUXm+n2BrwNfHVzqNL3GkWs4=", 
            "email": "user7@cookit.com", 
            "date_joined": "2016-11-09T18:08:13.734Z"
        }, 
        "model": "auth.user", 
        "pk": 7
    }, 
    {
        "fields": {
            "favourite_recipes": [
                1, 
                2, 
                3, 
                4, 
                5, 
                6
            ], 
            "favourite_users": [
                1, 
                2, 
                3, 
                4, 
                5, 
                6
            ], 
            "user": 7
        }, 
        "model": "main.useraccount", 
        "pk": 7
    }, 
    {
        "fields": {
            "infinite": false, 
            "amount": 15, 
            "user_account": 7, 
            "ingredient": 214
        }, 
        "model": "main.useringredient", 
        "pk": 394
    }, 
    {
        "fields": {
            "infinite": false, 
            "amount": 13, 
            "user_account": 7, 
            "ingredient": 780
        }, 
        "model": "main.useringredient", 
        "pk": 960
    }, 
    {
        "fields": {
            "infinite": false, 
            "amount": 20, 
            "user_account": 7, 
            "ingredient": 419
        }, 
        "model": "main.useringredient", 
        "pk": 599
    }, 
    {
        "fields": {
            "infinite": false, 
            "amount": 6, 
            "user_account": 7, 
            "ingredient": 868
        }, 
        "model": "main.useringredient", 
        "pk": 1048
    }, 
    {
        "fields": {
            "infinite": false, 
            "amount": 15, 
            "user_account": 7, 
            "ingredient": 405
        }, 
        "model": "main.useringredient", 
        "pk": 585
    }, 
    {
        "fields": {
            "infinite": false, 
            "amount": 7, 
            "user_account": 7, 
            "ingredient": 794
        }, 
        "model": "main.useringredient", 
        "pk": 974
    }, 
    {
        "fields": {
            "infinite": false, 
            "amount": 5, 
            "user_account": 7, 
            "ingredient": 327
        }, 
        "model": "main.useringredient", 
        "pk": 507
    }, 
    {
        "fields": {
            "infinite": false, 
            "amount": 11, 
            "user_account": 7, 
            "ingredient": 853
        }, 
        "model": "main.useringredient", 
        "pk": 1033
    }, 
    {
        "fields": {
            "infinite": false, 
            "amount": 9, 
            "user_account": 7, 
            "ingredient": 641
        }, 
        "model": "main.useringredient", 
        "pk": 821
    }, 
    {
        "fields": {
            "infinite": false, 
            "amount": 8, 
            "user_account": 7, 
            "ingredient": 224
        }, 
        "model": "main.useringredient", 
        "pk": 404
    }, 
    {
        "fields": {
            "infinite": false, 
            "amount": 15, 
            "user_account": 7, 
            "ingredient": 661
        }, 
        "model": "main.useringredient", 
        "pk": 841
    }, 
    {
        "fields": {
            "infinite": false, 
            "amount": 16, 
            "user_account": 7, 
            "ingredient": 863
        }, 
        "model": "main.useringredient", 
        "pk": 1043
    }, 
    {
        "fields": {
            "infinite": false, 
            "amount": 15, 
            "user_account": 7, 
            "ingredient": 538
        }, 
        "model": "main.useringredient", 
        "pk": 718
    }, 
    {
        "fields": {
            "infinite": false, 
            "amount": 7, 
            "user_account": 7, 
            "ingredient": 805
        }, 
        "model": "main.useringredient", 
        "pk": 985
    }, 
    {
        "fields": {
            "infinite": false, 
            "amount": 6, 
            "user_account": 7, 
            "ingredient": 588
        }, 
        "model": "main.useringredient", 
        "pk": 768
    }, 
    {
        "fields": {
            "infinite": false, 
            "amount": 19, 
            "user_account": 7, 
            "ingredient": 490
        }, 
        "model": "main.useringredient", 
        "pk": 670
    }, 
    {
        "fields": {
            "infinite": false, 
            "amount": 4, 
            "user_account": 7, 
            "ingredient": 290
        }, 
        "model": "main.useringredient", 
        "pk": 470
    }, 
    {
        "fields": {
            "infinite": false, 
            "amount": 18, 
            "user_account": 7, 
            "ingredient": 862
        }, 
        "model": "main.useringredient", 
        "pk": 1042
    }, 
    {
        "fields": {
            "infinite": false, 
            "amount": 8, 
            "user_account": 7, 
            "ingredient": 180
        }, 
        "model": "main.useringredient", 
        "pk": 360
    }, 
    {
        "fields": {
            "infinite": false, 
            "amount": 8, 
            "user_account": 7, 
            "ingredient": 912
        }, 
        "model": "main.useringredient", 
        "pk": 1092
    }, 
    {
        "fields": {
            "infinite": false, 
            "amount": 17, 
            "user_account": 7, 
            "ingredient": 619
        }, 
        "model": "main.useringredient", 
        "pk": 799
    }, 
    {
        "fields": {
            "infinite": false, 
            "amount": 19, 
            "user_account": 7, 
            "ingredient": 534
        }, 
        "model": "main.useringredient", 
        "pk": 714
    }, 
    {
        "fields": {
            "infinite": false, 
            "amount": 18, 
            "user_account": 7, 
            "ingredient": 99
        }, 
        "model": "main.useringredient", 
        "pk": 279
    }, 
    {
        "fields": {
            "infinite": false, 
            "amount": 20, 
            "user_account": 7, 
            "ingredient": 825
        }, 
        "model": "main.useringredient", 
        "pk": 1005
    }, 
    {
        "fields": {
            "infinite": false, 
            "amount": 13, 
            "user_account": 7, 
            "ingredient": 648
        }, 
        "model": "main.useringredient", 
        "pk": 828
    }, 
    {
        "fields": {
            "infinite": false, 
            "amount": 19, 
            "user_account": 7, 
            "ingredient": 191
        }, 
        "model": "main.useringredient", 
        "pk": 371
    }, 
    {
        "fields": {
            "cooking_time": "09:23:15", 
            "cooking_date": "2016-02-02", 
            "recipe": "18", 
            "serving_count": "192", 
            "user_account": 7
        }, 
        "model": "main.cookedrecipe", 
        "pk": 191
    }, 
    {
        "fields": {
            "cooking_time": "09:23:15", 
            "cooking_date": "2016-02-02", 
            "recipe": "19", 
            "serving_count": "192", 
            "user_account": 7
        }, 
        "model": "main.cookedrecipe", 
        "pk": 191
    }, 
    {
        "fields": {
            "cooking_time": "09:23:15", 
            "cooking_date": "2016-02-02", 
            "recipe": "20", 
            "serving_count": "192", 
            "user_account": 7
        }, 
        "model": "main.cookedrecipe", 
        "pk": 191
    }, 
    {
        "fields": {
            "amount": 10, 
            "recipe": 19, 
            "ingredient": 380
        }, 
        "model": "main.recipeingredient", 
        "pk": 584
    }, 
    {
        "fields": {
            "amount": 17, 
            "recipe": 19, 
            "ingredient": 345
        }, 
        "model": "main.recipeingredient", 
        "pk": 549
    }, 
    {
        "fields": {
            "amount": 18, 
            "recipe": 19, 
            "ingredient": 296
        }, 
        "model": "main.recipeingredient", 
        "pk": 500
    }, 
    {
        "fields": {
            "amount": 12, 
            "recipe": 19, 
            "ingredient": 470
        }, 
        "model": "main.recipeingredient", 
        "pk": 674
    }, 
    {
        "fields": {
            "description": "This is one of my all-time favourite recipes. I just love Cauliflower Au Gratin on weekends!", 
            "creator": 7, 
            "title": "Cauliflower Au Gratin", 
            "creation_time": "09:23:15", 
            "creation_date": "2016-02-02", 
            "average_rating": 1.23, 
            "rating_count": 7, 
            "steps": "[\"Lightly oil the grill grate. Discard marinade, and place chicken on the grill. Cook 6 to 8 minutes per side, until juices run clear.\", \"Preheat oven to 375 degrees F (190 degrees C).\", \"Preheat the grill for high heat.\", \"Stir cooked rice, green onions, soy sauce, and black pepper in the same skillet until the rice is hot. In a separate skillet over medium heat, melt butter and gently fry eggs, turning once, until the yolks are still slightly runny but the egg whites are firm, about 3 minutes per egg.\", \"Bake in preheated oven for 25 minutes. Uncover and sprinkle with cilantro and 1/4 cup Cheddar cheese. Bake until cheese is melted, 2 to 3 minutes.\"]", 
            "servings": 7, 
            "duration": "1:13:00", 
            "image_url": "www.example.com/image.png"
        }, 
        "model": "main.recipe", 
        "pk": 19
    }, 
    {
        "fields": {
            "amount": 18, 
            "recipe": 20, 
            "ingredient": 211
        }, 
        "model": "main.recipeingredient", 
        "pk": 419
    }, 
    {
        "fields": {
            "amount": 17, 
            "recipe": 20, 
            "ingredient": 871
        }, 
        "model": "main.recipeingredient", 
        "pk": 1079
    }, 
    {
        "fields": {
            "amount": 11, 
            "recipe": 20, 
            "ingredient": 683
        }, 
        "model": "main.recipeingredient", 
        "pk": 891
    }, 
    {
        "fields": {
            "description": "This is one of my all-time favourite recipes. I just love Zesty Apple Salad on weekends!", 
            "creator": 7, 
            "title": "Zesty Apple Salad", 
            "creation_time": "09:23:15", 
            "creation_date": "2016-02-02", 
            "average_rating": 1.23, 
            "rating_count": 14, 
            "steps": "[\"Lightly oil the grill grate. Discard marinade, and place chicken on the grill. Cook 6 to 8 minutes per side, until juices run clear.\", \"Preheat oven to 375 degrees F (190 degrees C).\", \"Preheat the grill for high heat.\", \"Stir cooked rice, green onions, soy sauce, and black pepper in the same skillet until the rice is hot. In a separate skillet over medium heat, melt butter and gently fry eggs, turning once, until the yolks are still slightly runny but the egg whites are firm, about 3 minutes per egg.\", \"Bake in preheated oven for 25 minutes. Uncover and sprinkle with cilantro and 1/4 cup Cheddar cheese. Bake until cheese is melted, 2 to 3 minutes.\"]", 
            "servings": 7, 
            "duration": "1:13:00", 
            "image_url": "www.example.com/image.png"
        }, 
        "model": "main.recipe", 
        "pk": 20
    }, 
    {
        "fields": {
            "amount": 17, 
            "recipe": 21, 
            "ingredient": 654
        }, 
        "model": "main.recipeingredient", 
        "pk": 866
    }, 
    {
        "fields": {
            "amount": 15, 
            "recipe": 21, 
            "ingredient": 544
        }, 
        "model": "main.recipeingredient", 
        "pk": 756
    }, 
    {
        "fields": {
            "amount": 2, 
            "recipe": 21, 
            "ingredient": 204
        }, 
        "model": "main.recipeingredient", 
        "pk": 416
    }, 
    {
        "fields": {
            "amount": 2, 
            "recipe": 21, 
            "ingredient": 56
        }, 
        "model": "main.recipeingredient", 
        "pk": 268
    }, 
    {
        "fields": {
            "amount": 8, 
            "recipe": 21, 
            "ingredient": 91
        }, 
        "model": "main.recipeingredient", 
        "pk": 303
    }, 
    {
        "fields": {
            "description": "This is one of my all-time favourite recipes. I just love Scrambled Eggs Done Right on weekends!", 
            "creator": 7, 
            "title": "Scrambled Eggs Done Right", 
            "creation_time": "09:23:15", 
            "creation_date": "2016-02-02", 
            "average_rating": 4.23, 
            "rating_count": 21, 
            "steps": "[\"Lightly oil the grill grate. Discard marinade, and place chicken on the grill. Cook 6 to 8 minutes per side, until juices run clear.\", \"Preheat oven to 375 degrees F (190 degrees C).\", \"Preheat the grill for high heat.\", \"Stir cooked rice, green onions, soy sauce, and black pepper in the same skillet until the rice is hot. In a separate skillet over medium heat, melt butter and gently fry eggs, turning once, until the yolks are still slightly runny but the egg whites are firm, about 3 minutes per egg.\", \"Bake in preheated oven for 25 minutes. Uncover and sprinkle with cilantro and 1/4 cup Cheddar cheese. Bake until cheese is melted, 2 to 3 minutes.\"]", 
            "servings": 7, 
            "duration": "1:13:00", 
            "image_url": "www.example.com/image.png"
        }, 
        "model": "main.recipe", 
        "pk": 21
    }, 
    {
        "fields": {
            "username": "user8", 
            "first_name": "", 
            "last_name": "", 
            "is_active": true, 
            "is_superuser": false, 
            "is_staff": false, 
            "last_login": "2016-11-09T18:08:23.137Z", 
            "groups": [], 
            "user_permissions": [], 
            "password": "pbkdf2_sha256$30000$qwdCTXISuS1t$CyHx8U8Q7b/JlX24lOqbUXm+n2BrwNfHVzqNL3GkWs4=", 
            "email": "user8@cookit.com", 
            "date_joined": "2016-11-09T18:08:13.734Z"
        }, 
        "model": "auth.user", 
        "pk": 8
    }, 
    {
        "fields": {
            "favourite_recipes": [
                1, 
                2, 
                3, 
                4, 
                5, 
                6, 
                7
            ], 
            "favourite_users": [
                1, 
                2, 
                3, 
                4, 
                5, 
                6, 
                7
            ], 
            "user": 8
        }, 
        "model": "main.useraccount", 
        "pk": 8
    }, 
    {
        "fields": {
            "infinite": false, 
            "amount": 13, 
            "user_account": 8, 
            "ingredient": 362
        }, 
        "model": "main.useringredient", 
        "pk": 572
    }, 
    {
        "fields": {
            "infinite": false, 
            "amount": 8, 
            "user_account": 8, 
            "ingredient": 308
        }, 
        "model": "main.useringredient", 
        "pk": 518
    }, 
    {
        "fields": {
            "infinite": false, 
            "amount": 19, 
            "user_account": 8, 
            "ingredient": 703
        }, 
        "model": "main.useringredient", 
        "pk": 913
    }, 
    {
        "fields": {
            "infinite": false, 
            "amount": 17, 
            "user_account": 8, 
            "ingredient": 456
        }, 
        "model": "main.useringredient", 
        "pk": 666
    }, 
    {
        "fields": {
            "infinite": false, 
            "amount": 17, 
            "user_account": 8, 
            "ingredient": 533
        }, 
        "model": "main.useringredient", 
        "pk": 743
    }, 
    {
        "fields": {
            "infinite": false, 
            "amount": 9, 
            "user_account": 8, 
            "ingredient": 455
        }, 
        "model": "main.useringredient", 
        "pk": 665
    }, 
    {
        "fields": {
            "infinite": false, 
            "amount": 10, 
            "user_account": 8, 
            "ingredient": 281
        }, 
        "model": "main.useringredient", 
        "pk": 491
    }, 
    {
        "fields": {
            "infinite": false, 
            "amount": 11, 
            "user_account": 8, 
            "ingredient": 401
        }, 
        "model": "main.useringredient", 
        "pk": 611
    }, 
    {
        "fields": {
            "infinite": false, 
            "amount": 14, 
            "user_account": 8, 
            "ingredient": 493
        }, 
        "model": "main.useringredient", 
        "pk": 703
    }, 
    {
        "fields": {
            "infinite": false, 
            "amount": 12, 
            "user_account": 8, 
            "ingredient": 609
        }, 
        "model": "main.useringredient", 
        "pk": 819
    }, 
    {
        "fields": {
            "infinite": false, 
            "amount": 9, 
            "user_account": 8, 
            "ingredient": 230
        }, 
        "model": "main.useringredient", 
        "pk": 440
    }, 
    {
        "fields": {
            "infinite": false, 
            "amount": 4, 
            "user_account": 8, 
            "ingredient": 36
        }, 
        "model": "main.useringredient", 
        "pk": 246
    }, 
    {
        "fields": {
            "infinite": false, 
            "amount": 4, 
            "user_account": 8, 
            "ingredient": 248
        }, 
        "model": "main.useringredient", 
        "pk": 458
    }, 
    {
        "fields": {
            "infinite": false, 
            "amount": 19, 
            "user_account": 8, 
            "ingredient": 639
        }, 
        "model": "main.useringredient", 
        "pk": 849
    }, 
    {
        "fields": {
            "infinite": false, 
            "amount": 8, 
            "user_account": 8, 
            "ingredient": 517
        }, 
        "model": "main.useringredient", 
        "pk": 727
    }, 
    {
        "fields": {
            "infinite": false, 
            "amount": 9, 
            "user_account": 8, 
            "ingredient": 860
        }, 
        "model": "main.useringredient", 
        "pk": 1070
    }, 
    {
        "fields": {
            "infinite": false, 
            "amount": 17, 
            "user_account": 8, 
            "ingredient": 473
        }, 
        "model": "main.useringredient", 
        "pk": 683
    }, 
    {
        "fields": {
            "infinite": false, 
            "amount": 19, 
            "user_account": 8, 
            "ingredient": 245
        }, 
        "model": "main.useringredient", 
        "pk": 455
    }, 
    {
        "fields": {
            "infinite": false, 
            "amount": 8, 
            "user_account": 8, 
            "ingredient": 647
        }, 
        "model": "main.useringredient", 
        "pk": 857
    }, 
    {
        "fields": {
            "infinite": false, 
            "amount": 17, 
            "user_account": 8, 
            "ingredient": 109
        }, 
        "model": "main.useringredient", 
        "pk": 319
    }, 
    {
        "fields": {
            "infinite": false, 
            "amount": 7, 
            "user_account": 8, 
            "ingredient": 81
        }, 
        "model": "main.useringredient", 
        "pk": 291
    }, 
    {
        "fields": {
            "infinite": false, 
            "amount": 10, 
            "user_account": 8, 
            "ingredient": 889
        }, 
        "model": "main.useringredient", 
        "pk": 1099
    }, 
    {
        "fields": {
            "cooking_time": "09:23:15", 
            "cooking_date": "2016-02-02", 
            "recipe": "21", 
            "serving_count": "890", 
            "user_account": 8
        }, 
        "model": "main.cookedrecipe", 
        "pk": 889
    }, 
    {
        "fields": {
            "cooking_time": "09:23:15", 
            "cooking_date": "2016-02-02", 
            "recipe": "22", 
            "serving_count": "890", 
            "user_account": 8
        }, 
        "model": "main.cookedrecipe", 
        "pk": 889
    }, 
    {
        "fields": {
            "cooking_time": "09:23:15", 
            "cooking_date": "2016-02-02", 
            "recipe": "23", 
            "serving_count": "890", 
            "user_account": 8
        }, 
        "model": "main.cookedrecipe", 
        "pk": 889
    }, 
    {
        "fields": {
            "amount": 17, 
            "recipe": 22, 
            "ingredient": 789
        }, 
        "model": "main.recipeingredient", 
        "pk": 1027
    }, 
    {
        "fields": {
            "amount": 19, 
            "recipe": 22, 
            "ingredient": 90
        }, 
        "model": "main.recipeingredient", 
        "pk": 328
    }, 
    {
        "fields": {
            "amount": 2, 
            "recipe": 22, 
            "ingredient": 374
        }, 
        "model": "main.recipeingredient", 
        "pk": 612
    }, 
    {
        "fields": {
            "amount": 4, 
            "recipe": 22, 
            "ingredient": 846
        }, 
        "model": "main.recipeingredient", 
        "pk": 1084
    }, 
    {
        "fields": {
            "description": "This is one of my all-time favourite recipes. I just love Ham Casserole on weekends!", 
            "creator": 8, 
            "title": "Ham Casserole", 
            "creation_time": "09:23:15", 
            "creation_date": "2016-02-02", 
            "average_rating": 3.23, 
            "rating_count": 8, 
            "steps": "[\"Start by slicing the vegetables and the meat.\", \"Pour beaten eggs into a shallow dish or bowl. In another shallow dish or bowl, mix together the grated Parmesan cheese and bread crumbs. Dip chicken breasts into beaten egg, then into bread crumb mixture to coat.\", \"Wash your hands and make sure your kitchen and tools are clean.\", \"Put it in the oven for 30 minutes.Add some vinegar\", \"Bake in preheated oven for 25 minutes. Uncover and sprinkle with cilantro and 1/4 cup Cheddar cheese. Bake until cheese is melted, 2 to 3 minutes.\", \"Fry them in a frying pan for 20 minutes.\"]", 
            "servings": 8, 
            "duration": "2:41:00", 
            "image_url": "www.example.com/image.png"
        }, 
        "model": "main.recipe", 
        "pk": 22
    }, 
    {
        "fields": {
            "amount": 13, 
            "recipe": 23, 
            "ingredient": 222
        }, 
        "model": "main.recipeingredient", 
        "pk": 464
    }, 
    {
        "fields": {
            "amount": 9, 
            "recipe": 23, 
            "ingredient": 832
        }, 
        "model": "main.recipeingredient", 
        "pk": 1074
    }, 
    {
        "fields": {
            "amount": 11, 
            "recipe": 23, 
            "ingredient": 648
        }, 
        "model": "main.recipeingredient", 
        "pk": 890
    }, 
    {
        "fields": {
            "amount": 11, 
            "recipe": 23, 
            "ingredient": 921
        }, 
        "model": "main.recipeingredient", 
        "pk": 1163
    }, 
    {
        "fields": {
            "description": "This is one of my all-time favourite recipes. I just love The Best Parmesan Chicken Bake on weekends!", 
            "creator": 8, 
            "title": "The Best Parmesan Chicken Bake", 
            "creation_time": "09:23:15", 
            "creation_date": "2016-02-02", 
            "average_rating": 1.23, 
            "rating_count": 16, 
            "steps": "[\"Start by slicing the vegetables and the meat.\", \"Pour beaten eggs into a shallow dish or bowl. In another shallow dish or bowl, mix together the grated Parmesan cheese and bread crumbs. Dip chicken breasts into beaten egg, then into bread crumb mixture to coat.\", \"Wash your hands and make sure your kitchen and tools are clean.\", \"Put it in the oven for 30 minutes.Add some vinegar\", \"Bake in preheated oven for 25 minutes. Uncover and sprinkle with cilantro and 1/4 cup Cheddar cheese. Bake until cheese is melted, 2 to 3 minutes.\", \"Fry them in a frying pan for 20 minutes.\"]", 
            "servings": 8, 
            "duration": "2:41:00", 
            "image_url": "www.example.com/image.png"
        }, 
        "model": "main.recipe", 
        "pk": 23
    }, 
    {
        "fields": {
            "amount": 9, 
            "recipe": 24, 
            "ingredient": 422
        }, 
        "model": "main.recipeingredient", 
        "pk": 668
    }, 
    {
        "fields": {
            "amount": 4, 
            "recipe": 24, 
            "ingredient": 498
        }, 
        "model": "main.recipeingredient", 
        "pk": 744
    }, 
    {
        "fields": {
            "amount": 8, 
            "recipe": 24, 
            "ingredient": 623
        }, 
        "model": "main.recipeingredient", 
        "pk": 869
    }, 
    {
        "fields": {
            "amount": 12, 
            "recipe": 24, 
            "ingredient": 660
        }, 
        "model": "main.recipeingredient", 
        "pk": 906
    }, 
    {
        "fields": {
            "amount": 12, 
            "recipe": 24, 
            "ingredient": 269
        }, 
        "model": "main.recipeingredient", 
        "pk": 515
    }, 
    {
        "fields": {
            "amount": 4, 
            "recipe": 24, 
            "ingredient": 421
        }, 
        "model": "main.recipeingredient", 
        "pk": 667
    }, 
    {
        "fields": {
            "description": "This is one of my all-time favourite recipes. I just love French Veggie Loaf on weekends!", 
            "creator": 8, 
            "title": "French Veggie Loaf", 
            "creation_time": "09:23:15", 
            "creation_date": "2016-02-02", 
            "average_rating": 2.23, 
            "rating_count": 24, 
            "steps": "[\"Start by slicing the vegetables and the meat.\", \"Pour beaten eggs into a shallow dish or bowl. In another shallow dish or bowl, mix together the grated Parmesan cheese and bread crumbs. Dip chicken breasts into beaten egg, then into bread crumb mixture to coat.\", \"Wash your hands and make sure your kitchen and tools are clean.\", \"Put it in the oven for 30 minutes.Add some vinegar\", \"Bake in preheated oven for 25 minutes. Uncover and sprinkle with cilantro and 1/4 cup Cheddar cheese. Bake until cheese is melted, 2 to 3 minutes.\", \"Fry them in a frying pan for 20 minutes.\"]", 
            "servings": 8, 
            "duration": "2:41:00", 
            "image_url": "www.example.com/image.png"
        }, 
        "model": "main.recipe", 
        "pk": 24
    }, 
    {
        "fields": {
            "username": "user9", 
            "first_name": "", 
            "last_name": "", 
            "is_active": true, 
            "is_superuser": false, 
            "is_staff": false, 
            "last_login": "2016-11-09T18:08:23.137Z", 
            "groups": [], 
            "user_permissions": [], 
            "password": "pbkdf2_sha256$30000$qwdCTXISuS1t$CyHx8U8Q7b/JlX24lOqbUXm+n2BrwNfHVzqNL3GkWs4=", 
            "email": "user9@cookit.com", 
            "date_joined": "2016-11-09T18:08:13.734Z"
        }, 
        "model": "auth.user", 
        "pk": 9
    }, 
    {
        "fields": {
            "favourite_recipes": [
                1, 
                2, 
                3, 
                4, 
                5, 
                6, 
                7, 
                8
            ], 
            "favourite_users": [
                1, 
                2, 
                3, 
                4, 
                5, 
                6, 
                7, 
                8
            ], 
            "user": 9
        }, 
        "model": "main.useraccount", 
        "pk": 9
    }, 
    {
        "fields": {
            "infinite": false, 
            "amount": 14, 
            "user_account": 9, 
            "ingredient": 137
        }, 
        "model": "main.useringredient", 
        "pk": 377
    }, 
    {
        "fields": {
            "infinite": false, 
            "amount": 15, 
            "user_account": 9, 
            "ingredient": 766
        }, 
        "model": "main.useringredient", 
        "pk": 1006
    }, 
    {
        "fields": {
            "infinite": false, 
            "amount": 14, 
            "user_account": 9, 
            "ingredient": 240
        }, 
        "model": "main.useringredient", 
        "pk": 480
    }, 
    {
        "fields": {
            "infinite": false, 
            "amount": 9, 
            "user_account": 9, 
            "ingredient": 353
        }, 
        "model": "main.useringredient", 
        "pk": 593
    }, 
    {
        "fields": {
            "infinite": false, 
            "amount": 7, 
            "user_account": 9, 
            "ingredient": 519
        }, 
        "model": "main.useringredient", 
        "pk": 759
    }, 
    {
        "fields": {
            "cooking_time": "09:23:15", 
            "cooking_date": "2016-02-02", 
            "recipe": "24", 
            "serving_count": "520", 
            "user_account": 9
        }, 
        "model": "main.cookedrecipe", 
        "pk": 519
    }, 
    {
        "fields": {
            "cooking_time": "09:23:15", 
            "cooking_date": "2016-02-02", 
            "recipe": "25", 
            "serving_count": "520", 
            "user_account": 9
        }, 
        "model": "main.cookedrecipe", 
        "pk": 519
    }, 
    {
        "fields": {
            "cooking_time": "09:23:15", 
            "cooking_date": "2016-02-02", 
            "recipe": "26", 
            "serving_count": "520", 
            "user_account": 9
        }, 
        "model": "main.cookedrecipe", 
        "pk": 519
    }, 
    {
        "fields": {
            "amount": 10, 
            "recipe": 25, 
            "ingredient": 849
        }, 
        "model": "main.recipeingredient", 
        "pk": 1121
    }, 
    {
        "fields": {
            "amount": 9, 
            "recipe": 25, 
            "ingredient": 895
        }, 
        "model": "main.recipeingredient", 
        "pk": 1167
    }, 
    {
        "fields": {
            "amount": 2, 
            "recipe": 25, 
            "ingredient": 405
        }, 
        "model": "main.recipeingredient", 
        "pk": 677
    }, 
    {
        "fields": {
            "description": "This is one of my all-time favourite recipes. I just love Shrimp Francesca on weekends!", 
            "creator": 9, 
            "title": "Shrimp Francesca", 
            "creation_time": "09:23:15", 
            "creation_date": "2016-02-02", 
            "average_rating": 4.23, 
            "rating_count": 9, 
            "steps": "[\"Wash the salad and other vegetables\", \"In a large glass bowl, stir together the vinegar, oil, soy sauce, lime juice, lemon juice, sherry, mustard, and honey. Mix in the garlic, brown sugar, lemon pepper, oregano, rosemary, and salt. Place the chicken in the mixture. Cover, and marinate in the refrigerator 8 hours or overnight.\", \"Enjoy your delicious meal!\", \"Bake in preheated oven for 25 minutes. Uncover and sprinkle with cilantro and 1/4 cup Cheddar cheese. Bake until cheese is melted, 2 to 3 minutes.\", \"In a large skillet, heat oil over medium high heat. Add coated chicken and saute for about 8 to 10 minutes each side, or until chicken is cooked through and juices run clear.\"]", 
            "servings": 9, 
            "duration": "4:35:00", 
            "image_url": "www.example.com/image.png"
        }, 
        "model": "main.recipe", 
        "pk": 25
    }, 
    {
        "fields": {
            "amount": 3, 
            "recipe": 26, 
            "ingredient": 127
        }, 
        "model": "main.recipeingredient", 
        "pk": 403
    }, 
    {
        "fields": {
            "amount": 14, 
            "recipe": 26, 
            "ingredient": 379
        }, 
        "model": "main.recipeingredient", 
        "pk": 655
    }, 
    {
        "fields": {
            "amount": 16, 
            "recipe": 26, 
            "ingredient": 305
        }, 
        "model": "main.recipeingredient", 
        "pk": 581
    }, 
    {
        "fields": {
            "amount": 8, 
            "recipe": 26, 
            "ingredient": 529
        }, 
        "model": "main.recipeingredient", 
        "pk": 805
    }, 
    {
        "fields": {
            "amount": 8, 
            "recipe": 26, 
            "ingredient": 887
        }, 
        "model": "main.recipeingredient", 
        "pk": 1163
    }, 
    {
        "fields": {
            "description": "This is one of my all-time favourite recipes. I just love Vegetarian Bibimbap on weekends!", 
            "creator": 9, 
            "title": "Vegetarian Bibimbap", 
            "creation_time": "09:23:15", 
            "creation_date": "2016-02-02", 
            "average_rating": 3.23, 
            "rating_count": 18, 
            "steps": "[\"Wash the salad and other vegetables\", \"In a large glass bowl, stir together the vinegar, oil, soy sauce, lime juice, lemon juice, sherry, mustard, and honey. Mix in the garlic, brown sugar, lemon pepper, oregano, rosemary, and salt. Place the chicken in the mixture. Cover, and marinate in the refrigerator 8 hours or overnight.\", \"Enjoy your delicious meal!\", \"Bake in preheated oven for 25 minutes. Uncover and sprinkle with cilantro and 1/4 cup Cheddar cheese. Bake until cheese is melted, 2 to 3 minutes.\", \"In a large skillet, heat oil over medium high heat. Add coated chicken and saute for about 8 to 10 minutes each side, or until chicken is cooked through and juices run clear.\"]", 
            "servings": 9, 
            "duration": "4:35:00", 
            "image_url": "www.example.com/image.png"
        }, 
        "model": "main.recipe", 
        "pk": 26
    }, 
    {
        "fields": {
            "amount": 18, 
            "recipe": 27, 
            "ingredient": 803
        }, 
        "model": "main.recipeingredient", 
        "pk": 1083
    }, 
    {
        "fields": {
            "amount": 18, 
            "recipe": 27, 
            "ingredient": 69
        }, 
        "model": "main.recipeingredient", 
        "pk": 349
    }, 
    {
        "fields": {
            "amount": 2, 
            "recipe": 27, 
            "ingredient": 631
        }, 
        "model": "main.recipeingredient", 
        "pk": 911
    }, 
    {
        "fields": {
            "description": "This is one of my all-time favourite recipes. I just love Scrambled Eggs Done Right on weekends!", 
            "creator": 9, 
            "title": "Scrambled Eggs Done Right", 
            "creation_time": "09:23:15", 
            "creation_date": "2016-02-02", 
            "average_rating": 3.23, 
            "rating_count": 27, 
            "steps": "[\"Wash the salad and other vegetables\", \"In a large glass bowl, stir together the vinegar, oil, soy sauce, lime juice, lemon juice, sherry, mustard, and honey. Mix in the garlic, brown sugar, lemon pepper, oregano, rosemary, and salt. Place the chicken in the mixture. Cover, and marinate in the refrigerator 8 hours or overnight.\", \"Enjoy your delicious meal!\", \"Bake in preheated oven for 25 minutes. Uncover and sprinkle with cilantro and 1/4 cup Cheddar cheese. Bake until cheese is melted, 2 to 3 minutes.\", \"In a large skillet, heat oil over medium high heat. Add coated chicken and saute for about 8 to 10 minutes each side, or until chicken is cooked through and juices run clear.\"]", 
            "servings": 9, 
            "duration": "4:35:00", 
            "image_url": "www.example.com/image.png"
        }, 
        "model": "main.recipe", 
        "pk": 27
    }, 
    {
        "fields": {
            "username": "user10", 
            "first_name": "", 
            "last_name": "", 
            "is_active": true, 
            "is_superuser": false, 
            "is_staff": false, 
            "last_login": "2016-11-09T18:08:23.137Z", 
            "groups": [], 
            "user_permissions": [], 
            "password": "pbkdf2_sha256$30000$qwdCTXISuS1t$CyHx8U8Q7b/JlX24lOqbUXm+n2BrwNfHVzqNL3GkWs4=", 
            "email": "user10@cookit.com", 
            "date_joined": "2016-11-09T18:08:13.734Z"
        }, 
        "model": "auth.user", 
        "pk": 10
    }, 
    {
        "fields": {
            "favourite_recipes": [
                1, 
                2, 
                3, 
                4, 
                5, 
                6, 
                7, 
                8, 
                9
            ], 
            "favourite_users": [
                1, 
                2, 
                3, 
                4, 
                5, 
                6, 
                7, 
                8, 
                9
            ], 
            "user": 10
        }, 
        "model": "main.useraccount", 
        "pk": 10
    }, 
    {
        "fields": {
            "infinite": false, 
            "amount": 9, 
            "user_account": 10, 
            "ingredient": 768
        }, 
        "model": "main.useringredient", 
        "pk": 1038
    }, 
    {
        "fields": {
            "infinite": false, 
            "amount": 17, 
            "user_account": 10, 
            "ingredient": 916
        }, 
        "model": "main.useringredient", 
        "pk": 1186
    }, 
    {
        "fields": {
            "infinite": false, 
            "amount": 17, 
            "user_account": 10, 
            "ingredient": 359
        }, 
        "model": "main.useringredient", 
        "pk": 629
    }, 
    {
        "fields": {
            "infinite": false, 
            "amount": 14, 
            "user_account": 10, 
            "ingredient": 138
        }, 
        "model": "main.useringredient", 
        "pk": 408
    }, 
    {
        "fields": {
            "infinite": false, 
            "amount": 17, 
            "user_account": 10, 
            "ingredient": 274
        }, 
        "model": "main.useringredient", 
        "pk": 544
    }, 
    {
        "fields": {
            "infinite": false, 
            "amount": 16, 
            "user_account": 10, 
            "ingredient": 150
        }, 
        "model": "main.useringredient", 
        "pk": 420
    }, 
    {
        "fields": {
            "infinite": false, 
            "amount": 10, 
            "user_account": 10, 
            "ingredient": 264
        }, 
        "model": "main.useringredient", 
        "pk": 534
    }, 
    {
        "fields": {
            "infinite": false, 
            "amount": 14, 
            "user_account": 10, 
            "ingredient": 633
        }, 
        "model": "main.useringredient", 
        "pk": 903
    }, 
    {
        "fields": {
            "infinite": false, 
            "amount": 11, 
            "user_account": 10, 
            "ingredient": 317
        }, 
        "model": "main.useringredient", 
        "pk": 587
    }, 
    {
        "fields": {
            "infinite": false, 
            "amount": 15, 
            "user_account": 10, 
            "ingredient": 271
        }, 
        "model": "main.useringredient", 
        "pk": 541
    }, 
    {
        "fields": {
            "infinite": false, 
            "amount": 10, 
            "user_account": 10, 
            "ingredient": 157
        }, 
        "model": "main.useringredient", 
        "pk": 427
    }, 
    {
        "fields": {
            "infinite": false, 
            "amount": 17, 
            "user_account": 10, 
            "ingredient": 280
        }, 
        "model": "main.useringredient", 
        "pk": 550
    }, 
    {
        "fields": {
            "infinite": false, 
            "amount": 17, 
            "user_account": 10, 
            "ingredient": 836
        }, 
        "model": "main.useringredient", 
        "pk": 1106
    }, 
    {
        "fields": {
            "infinite": false, 
            "amount": 11, 
            "user_account": 10, 
            "ingredient": 935
        }, 
        "model": "main.useringredient", 
        "pk": 1205
    }, 
    {
        "fields": {
            "infinite": false, 
            "amount": 17, 
            "user_account": 10, 
            "ingredient": 11
        }, 
        "model": "main.useringredient", 
        "pk": 281
    }, 
    {
        "fields": {
            "infinite": false, 
            "amount": 9, 
            "user_account": 10, 
            "ingredient": 668
        }, 
        "model": "main.useringredient", 
        "pk": 938
    }, 
    {
        "fields": {
            "infinite": false, 
            "amount": 19, 
            "user_account": 10, 
            "ingredient": 857
        }, 
        "model": "main.useringredient", 
        "pk": 1127
    }, 
    {
        "fields": {
            "infinite": false, 
            "amount": 14, 
            "user_account": 10, 
            "ingredient": 890
        }, 
        "model": "main.useringredient", 
        "pk": 1160
    }, 
    {
        "fields": {
            "infinite": false, 
            "amount": 11, 
            "user_account": 10, 
            "ingredient": 589
        }, 
        "model": "main.useringredient", 
        "pk": 859
    }, 
    {
        "fields": {
            "infinite": false, 
            "amount": 12, 
            "user_account": 10, 
            "ingredient": 778
        }, 
        "model": "main.useringredient", 
        "pk": 1048
    }, 
    {
        "fields": {
            "infinite": false, 
            "amount": 7, 
            "user_account": 10, 
            "ingredient": 604
        }, 
        "model": "main.useringredient", 
        "pk": 874
    }, 
    {
        "fields": {
            "cooking_time": "09:23:15", 
            "cooking_date": "2016-02-02", 
            "recipe": "27", 
            "serving_count": "605", 
            "user_account": 10
        }, 
        "model": "main.cookedrecipe", 
        "pk": 604
    }, 
    {
        "fields": {
            "cooking_time": "09:23:15", 
            "cooking_date": "2016-02-02", 
            "recipe": "28", 
            "serving_count": "605", 
            "user_account": 10
        }, 
        "model": "main.cookedrecipe", 
        "pk": 604
    }, 
    {
        "fields": {
            "cooking_time": "09:23:15", 
            "cooking_date": "2016-02-02", 
            "recipe": "29", 
            "serving_count": "605", 
            "user_account": 10
        }, 
        "model": "main.cookedrecipe", 
        "pk": 604
    }, 
    {
        "fields": {
            "amount": 4, 
            "recipe": 28, 
            "ingredient": 751
        }, 
        "model": "main.recipeingredient", 
        "pk": 1057
    }, 
    {
        "fields": {
            "amount": 19, 
            "recipe": 28, 
            "ingredient": 330
        }, 
        "model": "main.recipeingredient", 
        "pk": 636
    }, 
    {
        "fields": {
            "amount": 8, 
            "recipe": 28, 
            "ingredient": 121
        }, 
        "model": "main.recipeingredient", 
        "pk": 427
    }, 
    {
        "fields": {
            "amount": 2, 
            "recipe": 28, 
            "ingredient": 303
        }, 
        "model": "main.recipeingredient", 
        "pk": 609
    }, 
    {
        "fields": {
            "amount": 4, 
            "recipe": 28, 
            "ingredient": 97
        }, 
        "model": "main.recipeingredient", 
        "pk": 403
    }, 
    {
        "fields": {
            "description": "This is one of my all-time favourite recipes. I just love Vegetarian Korma on weekends!", 
            "creator": 10, 
            "title": "Vegetarian Korma", 
            "creation_time": "09:23:15", 
            "creation_date": "2016-02-02", 
            "average_rating": 1.23, 
            "rating_count": 10, 
            "steps": "[\"Start by slicing the vegetables and the meat.\", \"Wash your hands and make sure your kitchen and tools are clean.\", \"Season the ingredients with pepper.\", \"Pour tomato sauce into a lightly greased 9x13 inch baking dish. Add chicken, then place a slice of Monterey Jack cheese over each breast, and bake in the preheated oven for 20 minutes or until cheese is completely melted.\", \"Mash the ingredients into a paste. Add some water if it gets too thick\"]", 
            "servings": 10, 
            "duration": "3:54:00", 
            "image_url": "www.example.com/image.png"
        }, 
        "model": "main.recipe", 
        "pk": 28
    }, 
    {
        "fields": {
            "amount": 18, 
            "recipe": 29, 
            "ingredient": 650
        }, 
        "model": "main.recipeingredient", 
        "pk": 960
    }, 
    {
        "fields": {
            "amount": 9, 
            "recipe": 29, 
            "ingredient": 682
        }, 
        "model": "main.recipeingredient", 
        "pk": 992
    }, 
    {
        "fields": {
            "amount": 6, 
            "recipe": 29, 
            "ingredient": 73
        }, 
        "model": "main.recipeingredient", 
        "pk": 383
    }, 
    {
        "fields": {
            "description": "This is one of my all-time favourite recipes. I just love Shrimp Francesca on weekends!", 
            "creator": 10, 
            "title": "Shrimp Francesca", 
            "creation_time": "09:23:15", 
            "creation_date": "2016-02-02", 
            "average_rating": 3.23, 
            "rating_count": 20, 
            "steps": "[\"Start by slicing the vegetables and the meat.\", \"Wash your hands and make sure your kitchen and tools are clean.\", \"Season the ingredients with pepper.\", \"Pour tomato sauce into a lightly greased 9x13 inch baking dish. Add chicken, then place a slice of Monterey Jack cheese over each breast, and bake in the preheated oven for 20 minutes or until cheese is completely melted.\", \"Mash the ingredients into a paste. Add some water if it gets too thick\"]", 
            "servings": 10, 
            "duration": "3:54:00", 
            "image_url": "www.example.com/image.png"
        }, 
        "model": "main.recipe", 
        "pk": 29
    }, 
    {
        "fields": {
            "amount": 2, 
            "recipe": 30, 
            "ingredient": 821
        }, 
        "model": "main.recipeingredient", 
        "pk": 1135
    }, 
    {
        "fields": {
            "amount": 17, 
            "recipe": 30, 
            "ingredient": 670
        }, 
        "model": "main.recipeingredient", 
        "pk": 984
    }, 
    {
        "fields": {
            "amount": 6, 
            "recipe": 30, 
            "ingredient": 255
        }, 
        "model": "main.recipeingredient", 
        "pk": 569
    }, 
    {
        "fields": {
            "amount": 2, 
            "recipe": 30, 
            "ingredient": 858
        }, 
        "model": "main.recipeingredient", 
        "pk": 1172
    }, 
    {
        "fields": {
            "amount": 16, 
            "recipe": 30, 
            "ingredient": 262
        }, 
        "model": "main.recipeingredient", 
        "pk": 576
    }, 
    {
        "fields": {
            "amount": 2, 
            "recipe": 30, 
            "ingredient": 706
        }, 
        "model": "main.recipeingredient", 
        "pk": 1020
    }, 
    {
        "fields": {
            "description": "This is one of my all-time favourite recipes. I just love Ham Casserole on weekends!", 
            "creator": 10, 
            "title": "Ham Casserole", 
            "creation_time": "09:23:15", 
            "creation_date": "2016-02-02", 
            "average_rating": 4.23, 
            "rating_count": 30, 
            "steps": "[\"Start by slicing the vegetables and the meat.\", \"Wash your hands and make sure your kitchen and tools are clean.\", \"Season the ingredients with pepper.\", \"Pour tomato sauce into a lightly greased 9x13 inch baking dish. Add chicken, then place a slice of Monterey Jack cheese over each breast, and bake in the preheated oven for 20 minutes or until cheese is completely melted.\", \"Mash the ingredients into a paste. Add some water if it gets too thick\"]", 
            "servings": 10, 
            "duration": "3:54:00", 
            "image_url": "www.example.com/image.png"
        }, 
        "model": "main.recipe", 
        "pk": 30
    }
]