[
    {
        "fields": {
            "username": "user1", 
            "first_name": "", 
            "last_name": "", 
            "is_active": true, 
            "is_superuser": true, 
            "is_staff": true, 
            "last_login": "2016-11-09T18:08:23.137Z", 
            "groups": [], 
            "user_permissions": [], 
            "password": "pbkdf2_sha256$30000$qwdCTXISuS1t$CyHx8U8Q7b/JlX24lOqbUXm+n2BrwNfHVzqNL3GkWs4=", 
            "email": "user1@cookit.com", 
            "date_joined": "2016-11-09T18:08:13.734Z"
        }, 
        "model": "auth.user", 
        "pk": 1
    }, 
    {
        "fields": {
            "favourite_recipes": [], 
            "favourite_users": [], 
            "user": 1
        }, 
        "model": "main.useraccount", 
        "pk": 1
    }, 
    {
        "fields": {
            "infinite": false, 
            "amount": "1g", 
            "user_account": 1, 
            "ingredient": 1026
        }, 
        "model": "main.useringredient", 
        "pk": 1
    }, 
    {
        "fields": {
            "infinite": false, 
            "amount": "2g", 
            "user_account": 1, 
            "ingredient": 1026
        }, 
        "model": "main.useringredient", 
        "pk": 2
    }, 
    {
        "fields": {
            "infinite": false, 
            "amount": "3g", 
            "user_account": 1, 
            "ingredient": 1026
        }, 
        "model": "main.useringredient", 
        "pk": 3
    }, 
    {
        "fields": {
            "infinite": false, 
            "amount": "4g", 
            "user_account": 1, 
            "ingredient": 1026
        }, 
        "model": "main.useringredient", 
        "pk": 4
    }, 
    {
        "fields": {
            "infinite": false, 
            "amount": "5g", 
            "user_account": 1, 
            "ingredient": 1026
        }, 
        "model": "main.useringredient", 
        "pk": 5
    }, 
    {
        "fields": {
            "infinite": false, 
            "amount": "6g", 
            "user_account": 1, 
            "ingredient": 1026
        }, 
        "model": "main.useringredient", 
        "pk": 6
    }, 
    {
        "fields": {
            "infinite": false, 
            "amount": "7g", 
            "user_account": 1, 
            "ingredient": 1026
        }, 
        "model": "main.useringredient", 
        "pk": 7
    }, 
    {
        "fields": {
            "infinite": false, 
            "amount": "8g", 
            "user_account": 1, 
            "ingredient": 1026
        }, 
        "model": "main.useringredient", 
        "pk": 8
    }, 
    {
        "fields": {
            "cooking_time": "09:23:15", 
            "cooking_date": "2016-02-02", 
            "recipe": "0", 
            "serving_count": "9", 
            "user_account": 1
        }, 
        "model": "main.cookedrecipe", 
        "pk": 8
    }, 
    {
        "fields": {
            "cooking_time": "09:23:15", 
            "cooking_date": "2016-02-02", 
            "recipe": "1", 
            "serving_count": "9", 
            "user_account": 1
        }, 
        "model": "main.cookedrecipe", 
        "pk": 8
    }, 
    {
        "fields": {
            "cooking_time": "09:23:15", 
            "cooking_date": "2016-02-02", 
            "recipe": "2", 
            "serving_count": "9", 
            "user_account": 1
        }, 
        "model": "main.cookedrecipe", 
        "pk": 8
    }, 
    {
        "fields": {
            "amount": "0 cup", 
            "recipe": 0, 
            "ingredient": 4053
        }, 
        "model": "main.recipeingredient", 
        "pk": 0
    }, 
    {
        "fields": {
            "amount": "1 cup", 
            "recipe": 0, 
            "ingredient": 4053
        }, 
        "model": "main.recipeingredient", 
        "pk": 1
    }, 
    {
        "fields": {
            "amount": "2 cup", 
            "recipe": 0, 
            "ingredient": 4053
        }, 
        "model": "main.recipeingredient", 
        "pk": 2
    }, 
    {
        "fields": {
            "amount": "3 cup", 
            "recipe": 0, 
            "ingredient": 4053
        }, 
        "model": "main.recipeingredient", 
        "pk": 3
    }, 
    {
        "fields": {
            "amount": "4 cup", 
            "recipe": 0, 
            "ingredient": 4053
        }, 
        "model": "main.recipeingredient", 
        "pk": 4
    }, 
    {
        "fields": {
            "description": "This is the description of recipe0. It is very tasty and simple.", 
            "creator": 1, 
            "title": "Recipe number 0", 
            "creation_time": "09:23:15", 
            "creation_date": "2016-02-02", 
            "average_rating": 3.232323232, 
            "rating_count": 1, 
            "steps": "[\"Take all the ingredients in front of you.\", \"Mix them and season with salt and pepper.\", \"Fry them in a frying pan for 20 minutes.\", \"Enjoy your delicious meal!\"]", 
            "servings": 1, 
            "duration": "4:26:00", 
            "image_url": "www.example.com/image.png"
        }, 
        "model": "main.recipe", 
        "pk": 0
    }, 
    {
        "fields": {
            "amount": "5 cup", 
            "recipe": 1, 
            "ingredient": 4053
        }, 
        "model": "main.recipeingredient", 
        "pk": 5
    }, 
    {
        "fields": {
            "amount": "6 cup", 
            "recipe": 1, 
            "ingredient": 4053
        }, 
        "model": "main.recipeingredient", 
        "pk": 6
    }, 
    {
        "fields": {
            "amount": "7 cup", 
            "recipe": 1, 
            "ingredient": 4053
        }, 
        "model": "main.recipeingredient", 
        "pk": 7
    }, 
    {
        "fields": {
            "amount": "8 cup", 
            "recipe": 1, 
            "ingredient": 4053
        }, 
        "model": "main.recipeingredient", 
        "pk": 8
    }, 
    {
        "fields": {
            "amount": "9 cup", 
            "recipe": 1, 
            "ingredient": 4053
        }, 
        "model": "main.recipeingredient", 
        "pk": 9
    }, 
    {
        "fields": {
            "description": "This is the description of recipe1. It is very tasty and simple.", 
            "creator": 1, 
            "title": "Recipe number 1", 
            "creation_time": "09:23:15", 
            "creation_date": "2016-02-02", 
            "average_rating": 3.232323232, 
            "rating_count": 2, 
            "steps": "[\"Take all the ingredients in front of you.\", \"Mix them and season with salt and pepper.\", \"Fry them in a frying pan for 20 minutes.\", \"Enjoy your delicious meal!\"]", 
            "servings": 1, 
            "duration": "4:26:00", 
            "image_url": "www.example.com/image.png"
        }, 
        "model": "main.recipe", 
        "pk": 1
    }, 
    {
        "fields": {
            "amount": "10 cup", 
            "recipe": 2, 
            "ingredient": 4053
        }, 
        "model": "main.recipeingredient", 
        "pk": 10
    }, 
    {
        "fields": {
            "amount": "11 cup", 
            "recipe": 2, 
            "ingredient": 4053
        }, 
        "model": "main.recipeingredient", 
        "pk": 11
    }, 
    {
        "fields": {
            "amount": "12 cup", 
            "recipe": 2, 
            "ingredient": 4053
        }, 
        "model": "main.recipeingredient", 
        "pk": 12
    }, 
    {
        "fields": {
            "amount": "13 cup", 
            "recipe": 2, 
            "ingredient": 4053
        }, 
        "model": "main.recipeingredient", 
        "pk": 13
    }, 
    {
        "fields": {
            "amount": "14 cup", 
            "recipe": 2, 
            "ingredient": 4053
        }, 
        "model": "main.recipeingredient", 
        "pk": 14
    }, 
    {
        "fields": {
            "description": "This is the description of recipe2. It is very tasty and simple.", 
            "creator": 1, 
            "title": "Recipe number 2", 
            "creation_time": "09:23:15", 
            "creation_date": "2016-02-02", 
            "average_rating": 3.232323232, 
            "rating_count": 3, 
            "steps": "[\"Take all the ingredients in front of you.\", \"Mix them and season with salt and pepper.\", \"Fry them in a frying pan for 20 minutes.\", \"Enjoy your delicious meal!\"]", 
            "servings": 1, 
            "duration": "4:26:00", 
            "image_url": "www.example.com/image.png"
        }, 
        "model": "main.recipe", 
        "pk": 2
    }, 
    {
        "fields": {
            "username": "user2", 
            "first_name": "", 
            "last_name": "", 
            "is_active": true, 
            "is_superuser": false, 
            "is_staff": false, 
            "last_login": "2016-11-09T18:08:23.137Z", 
            "groups": [], 
            "user_permissions": [], 
            "password": "pbkdf2_sha256$30000$qwdCTXISuS1t$CyHx8U8Q7b/JlX24lOqbUXm+n2BrwNfHVzqNL3GkWs4=", 
            "email": "user2@cookit.com", 
            "date_joined": "2016-11-09T18:08:13.734Z"
        }, 
        "model": "auth.user", 
        "pk": 2
    }, 
    {
        "fields": {
            "favourite_recipes": [
                1
            ], 
            "favourite_users": [
                1
            ], 
            "user": 2
        }, 
        "model": "main.useraccount", 
        "pk": 2
    }, 
    {
        "fields": {
            "infinite": false, 
            "amount": "22g", 
            "user_account": 2, 
            "ingredient": 1026
        }, 
        "model": "main.useringredient", 
        "pk": 11
    }, 
    {
        "fields": {
            "infinite": false, 
            "amount": "24g", 
            "user_account": 2, 
            "ingredient": 1026
        }, 
        "model": "main.useringredient", 
        "pk": 12
    }, 
    {
        "fields": {
            "infinite": false, 
            "amount": "26g", 
            "user_account": 2, 
            "ingredient": 1026
        }, 
        "model": "main.useringredient", 
        "pk": 13
    }, 
    {
        "fields": {
            "infinite": false, 
            "amount": "28g", 
            "user_account": 2, 
            "ingredient": 1026
        }, 
        "model": "main.useringredient", 
        "pk": 14
    }, 
    {
        "fields": {
            "infinite": false, 
            "amount": "30g", 
            "user_account": 2, 
            "ingredient": 1026
        }, 
        "model": "main.useringredient", 
        "pk": 15
    }, 
    {
        "fields": {
            "infinite": false, 
            "amount": "32g", 
            "user_account": 2, 
            "ingredient": 1026
        }, 
        "model": "main.useringredient", 
        "pk": 16
    }, 
    {
        "fields": {
            "infinite": false, 
            "amount": "34g", 
            "user_account": 2, 
            "ingredient": 1026
        }, 
        "model": "main.useringredient", 
        "pk": 17
    }, 
    {
        "fields": {
            "infinite": false, 
            "amount": "36g", 
            "user_account": 2, 
            "ingredient": 1026
        }, 
        "model": "main.useringredient", 
        "pk": 18
    }, 
    {
        "fields": {
            "cooking_time": "09:23:15", 
            "cooking_date": "2016-02-02", 
            "recipe": "3", 
            "serving_count": "19", 
            "user_account": 2
        }, 
        "model": "main.cookedrecipe", 
        "pk": 18
    }, 
    {
        "fields": {
            "cooking_time": "09:23:15", 
            "cooking_date": "2016-02-02", 
            "recipe": "4", 
            "serving_count": "19", 
            "user_account": 2
        }, 
        "model": "main.cookedrecipe", 
        "pk": 18
    }, 
    {
        "fields": {
            "cooking_time": "09:23:15", 
            "cooking_date": "2016-02-02", 
            "recipe": "5", 
            "serving_count": "19", 
            "user_account": 2
        }, 
        "model": "main.cookedrecipe", 
        "pk": 18
    }, 
    {
        "fields": {
            "amount": "10 cup", 
            "recipe": 3, 
            "ingredient": 4053
        }, 
        "model": "main.recipeingredient", 
        "pk": 10
    }, 
    {
        "fields": {
            "amount": "11 cup", 
            "recipe": 3, 
            "ingredient": 4053
        }, 
        "model": "main.recipeingredient", 
        "pk": 11
    }, 
    {
        "fields": {
            "amount": "12 cup", 
            "recipe": 3, 
            "ingredient": 4053
        }, 
        "model": "main.recipeingredient", 
        "pk": 12
    }, 
    {
        "fields": {
            "amount": "13 cup", 
            "recipe": 3, 
            "ingredient": 4053
        }, 
        "model": "main.recipeingredient", 
        "pk": 13
    }, 
    {
        "fields": {
            "amount": "14 cup", 
            "recipe": 3, 
            "ingredient": 4053
        }, 
        "model": "main.recipeingredient", 
        "pk": 14
    }, 
    {
        "fields": {
            "description": "This is the description of recipe3. It is very tasty and simple.", 
            "creator": 2, 
            "title": "Recipe number 3", 
            "creation_time": "09:23:15", 
            "creation_date": "2016-02-02", 
            "average_rating": 3.232323232, 
            "rating_count": 2, 
            "steps": "[\"Take all the ingredients in front of you.\", \"Mix them and season with salt and pepper.\", \"Fry them in a frying pan for 20 minutes.\", \"Enjoy your delicious meal!\"]", 
            "servings": 2, 
            "duration": "1:36:00", 
            "image_url": "www.example.com/image.png"
        }, 
        "model": "main.recipe", 
        "pk": 3
    }, 
    {
        "fields": {
            "amount": "15 cup", 
            "recipe": 4, 
            "ingredient": 4053
        }, 
        "model": "main.recipeingredient", 
        "pk": 15
    }, 
    {
        "fields": {
            "amount": "16 cup", 
            "recipe": 4, 
            "ingredient": 4053
        }, 
        "model": "main.recipeingredient", 
        "pk": 16
    }, 
    {
        "fields": {
            "amount": "17 cup", 
            "recipe": 4, 
            "ingredient": 4053
        }, 
        "model": "main.recipeingredient", 
        "pk": 17
    }, 
    {
        "fields": {
            "amount": "18 cup", 
            "recipe": 4, 
            "ingredient": 4053
        }, 
        "model": "main.recipeingredient", 
        "pk": 18
    }, 
    {
        "fields": {
            "amount": "19 cup", 
            "recipe": 4, 
            "ingredient": 4053
        }, 
        "model": "main.recipeingredient", 
        "pk": 19
    }, 
    {
        "fields": {
            "description": "This is the description of recipe4. It is very tasty and simple.", 
            "creator": 2, 
            "title": "Recipe number 4", 
            "creation_time": "09:23:15", 
            "creation_date": "2016-02-02", 
            "average_rating": 3.232323232, 
            "rating_count": 4, 
            "steps": "[\"Take all the ingredients in front of you.\", \"Mix them and season with salt and pepper.\", \"Fry them in a frying pan for 20 minutes.\", \"Enjoy your delicious meal!\"]", 
            "servings": 2, 
            "duration": "1:36:00", 
            "image_url": "www.example.com/image.png"
        }, 
        "model": "main.recipe", 
        "pk": 4
    }, 
    {
        "fields": {
            "amount": "20 cup", 
            "recipe": 5, 
            "ingredient": 4053
        }, 
        "model": "main.recipeingredient", 
        "pk": 20
    }, 
    {
        "fields": {
            "amount": "21 cup", 
            "recipe": 5, 
            "ingredient": 4053
        }, 
        "model": "main.recipeingredient", 
        "pk": 21
    }, 
    {
        "fields": {
            "amount": "22 cup", 
            "recipe": 5, 
            "ingredient": 4053
        }, 
        "model": "main.recipeingredient", 
        "pk": 22
    }, 
    {
        "fields": {
            "amount": "23 cup", 
            "recipe": 5, 
            "ingredient": 4053
        }, 
        "model": "main.recipeingredient", 
        "pk": 23
    }, 
    {
        "fields": {
            "amount": "24 cup", 
            "recipe": 5, 
            "ingredient": 4053
        }, 
        "model": "main.recipeingredient", 
        "pk": 24
    }, 
    {
        "fields": {
            "description": "This is the description of recipe5. It is very tasty and simple.", 
            "creator": 2, 
            "title": "Recipe number 5", 
            "creation_time": "09:23:15", 
            "creation_date": "2016-02-02", 
            "average_rating": 3.232323232, 
            "rating_count": 6, 
            "steps": "[\"Take all the ingredients in front of you.\", \"Mix them and season with salt and pepper.\", \"Fry them in a frying pan for 20 minutes.\", \"Enjoy your delicious meal!\"]", 
            "servings": 2, 
            "duration": "1:36:00", 
            "image_url": "www.example.com/image.png"
        }, 
        "model": "main.recipe", 
        "pk": 5
    }, 
    {
        "fields": {
            "username": "user3", 
            "first_name": "", 
            "last_name": "", 
            "is_active": true, 
            "is_superuser": false, 
            "is_staff": false, 
            "last_login": "2016-11-09T18:08:23.137Z", 
            "groups": [], 
            "user_permissions": [], 
            "password": "pbkdf2_sha256$30000$qwdCTXISuS1t$CyHx8U8Q7b/JlX24lOqbUXm+n2BrwNfHVzqNL3GkWs4=", 
            "email": "user3@cookit.com", 
            "date_joined": "2016-11-09T18:08:13.734Z"
        }, 
        "model": "auth.user", 
        "pk": 3
    }, 
    {
        "fields": {
            "favourite_recipes": [
                1, 
                2
            ], 
            "favourite_users": [
                1, 
                2
            ], 
            "user": 3
        }, 
        "model": "main.useraccount", 
        "pk": 3
    }, 
    {
        "fields": {
            "infinite": false, 
            "amount": "63g", 
            "user_account": 3, 
            "ingredient": 1026
        }, 
        "model": "main.useringredient", 
        "pk": 21
    }, 
    {
        "fields": {
            "infinite": false, 
            "amount": "66g", 
            "user_account": 3, 
            "ingredient": 1026
        }, 
        "model": "main.useringredient", 
        "pk": 22
    }, 
    {
        "fields": {
            "infinite": false, 
            "amount": "69g", 
            "user_account": 3, 
            "ingredient": 1026
        }, 
        "model": "main.useringredient", 
        "pk": 23
    }, 
    {
        "fields": {
            "infinite": false, 
            "amount": "72g", 
            "user_account": 3, 
            "ingredient": 1026
        }, 
        "model": "main.useringredient", 
        "pk": 24
    }, 
    {
        "fields": {
            "infinite": false, 
            "amount": "75g", 
            "user_account": 3, 
            "ingredient": 1026
        }, 
        "model": "main.useringredient", 
        "pk": 25
    }, 
    {
        "fields": {
            "infinite": false, 
            "amount": "78g", 
            "user_account": 3, 
            "ingredient": 1026
        }, 
        "model": "main.useringredient", 
        "pk": 26
    }, 
    {
        "fields": {
            "infinite": false, 
            "amount": "81g", 
            "user_account": 3, 
            "ingredient": 1026
        }, 
        "model": "main.useringredient", 
        "pk": 27
    }, 
    {
        "fields": {
            "infinite": false, 
            "amount": "84g", 
            "user_account": 3, 
            "ingredient": 1026
        }, 
        "model": "main.useringredient", 
        "pk": 28
    }, 
    {
        "fields": {
            "cooking_time": "09:23:15", 
            "cooking_date": "2016-02-02", 
            "recipe": "6", 
            "serving_count": "29", 
            "user_account": 3
        }, 
        "model": "main.cookedrecipe", 
        "pk": 28
    }, 
    {
        "fields": {
            "cooking_time": "09:23:15", 
            "cooking_date": "2016-02-02", 
            "recipe": "7", 
            "serving_count": "29", 
            "user_account": 3
        }, 
        "model": "main.cookedrecipe", 
        "pk": 28
    }, 
    {
        "fields": {
            "cooking_time": "09:23:15", 
            "cooking_date": "2016-02-02", 
            "recipe": "8", 
            "serving_count": "29", 
            "user_account": 3
        }, 
        "model": "main.cookedrecipe", 
        "pk": 28
    }, 
    {
        "fields": {
            "amount": "20 cup", 
            "recipe": 6, 
            "ingredient": 4053
        }, 
        "model": "main.recipeingredient", 
        "pk": 20
    }, 
    {
        "fields": {
            "amount": "21 cup", 
            "recipe": 6, 
            "ingredient": 4053
        }, 
        "model": "main.recipeingredient", 
        "pk": 21
    }, 
    {
        "fields": {
            "amount": "22 cup", 
            "recipe": 6, 
            "ingredient": 4053
        }, 
        "model": "main.recipeingredient", 
        "pk": 22
    }, 
    {
        "fields": {
            "amount": "23 cup", 
            "recipe": 6, 
            "ingredient": 4053
        }, 
        "model": "main.recipeingredient", 
        "pk": 23
    }, 
    {
        "fields": {
            "amount": "24 cup", 
            "recipe": 6, 
            "ingredient": 4053
        }, 
        "model": "main.recipeingredient", 
        "pk": 24
    }, 
    {
        "fields": {
            "description": "This is the description of recipe6. It is very tasty and simple.", 
            "creator": 3, 
            "title": "Recipe number 6", 
            "creation_time": "09:23:15", 
            "creation_date": "2016-02-02", 
            "average_rating": 3.232323232, 
            "rating_count": 3, 
            "steps": "[\"Take all the ingredients in front of you.\", \"Mix them and season with salt and pepper.\", \"Fry them in a frying pan for 20 minutes.\", \"Enjoy your delicious meal!\"]", 
            "servings": 3, 
            "duration": "2:24:00", 
            "image_url": "www.example.com/image.png"
        }, 
        "model": "main.recipe", 
        "pk": 6
    }, 
    {
        "fields": {
            "amount": "25 cup", 
            "recipe": 7, 
            "ingredient": 4053
        }, 
        "model": "main.recipeingredient", 
        "pk": 25
    }, 
    {
        "fields": {
            "amount": "26 cup", 
            "recipe": 7, 
            "ingredient": 4053
        }, 
        "model": "main.recipeingredient", 
        "pk": 26
    }, 
    {
        "fields": {
            "amount": "27 cup", 
            "recipe": 7, 
            "ingredient": 4053
        }, 
        "model": "main.recipeingredient", 
        "pk": 27
    }, 
    {
        "fields": {
            "amount": "28 cup", 
            "recipe": 7, 
            "ingredient": 4053
        }, 
        "model": "main.recipeingredient", 
        "pk": 28
    }, 
    {
        "fields": {
            "amount": "29 cup", 
            "recipe": 7, 
            "ingredient": 4053
        }, 
        "model": "main.recipeingredient", 
        "pk": 29
    }, 
    {
        "fields": {
            "description": "This is the description of recipe7. It is very tasty and simple.", 
            "creator": 3, 
            "title": "Recipe number 7", 
            "creation_time": "09:23:15", 
            "creation_date": "2016-02-02", 
            "average_rating": 3.232323232, 
            "rating_count": 6, 
            "steps": "[\"Take all the ingredients in front of you.\", \"Mix them and season with salt and pepper.\", \"Fry them in a frying pan for 20 minutes.\", \"Enjoy your delicious meal!\"]", 
            "servings": 3, 
            "duration": "2:24:00", 
            "image_url": "www.example.com/image.png"
        }, 
        "model": "main.recipe", 
        "pk": 7
    }, 
    {
        "fields": {
            "amount": "30 cup", 
            "recipe": 8, 
            "ingredient": 4053
        }, 
        "model": "main.recipeingredient", 
        "pk": 30
    }, 
    {
        "fields": {
            "amount": "31 cup", 
            "recipe": 8, 
            "ingredient": 4053
        }, 
        "model": "main.recipeingredient", 
        "pk": 31
    }, 
    {
        "fields": {
            "amount": "32 cup", 
            "recipe": 8, 
            "ingredient": 4053
        }, 
        "model": "main.recipeingredient", 
        "pk": 32
    }, 
    {
        "fields": {
            "amount": "33 cup", 
            "recipe": 8, 
            "ingredient": 4053
        }, 
        "model": "main.recipeingredient", 
        "pk": 33
    }, 
    {
        "fields": {
            "amount": "34 cup", 
            "recipe": 8, 
            "ingredient": 4053
        }, 
        "model": "main.recipeingredient", 
        "pk": 34
    }, 
    {
        "fields": {
            "description": "This is the description of recipe8. It is very tasty and simple.", 
            "creator": 3, 
            "title": "Recipe number 8", 
            "creation_time": "09:23:15", 
            "creation_date": "2016-02-02", 
            "average_rating": 3.232323232, 
            "rating_count": 9, 
            "steps": "[\"Take all the ingredients in front of you.\", \"Mix them and season with salt and pepper.\", \"Fry them in a frying pan for 20 minutes.\", \"Enjoy your delicious meal!\"]", 
            "servings": 3, 
            "duration": "2:24:00", 
            "image_url": "www.example.com/image.png"
        }, 
        "model": "main.recipe", 
        "pk": 8
    }, 
    {
        "fields": {
            "username": "user4", 
            "first_name": "", 
            "last_name": "", 
            "is_active": true, 
            "is_superuser": false, 
            "is_staff": false, 
            "last_login": "2016-11-09T18:08:23.137Z", 
            "groups": [], 
            "user_permissions": [], 
            "password": "pbkdf2_sha256$30000$qwdCTXISuS1t$CyHx8U8Q7b/JlX24lOqbUXm+n2BrwNfHVzqNL3GkWs4=", 
            "email": "user4@cookit.com", 
            "date_joined": "2016-11-09T18:08:13.734Z"
        }, 
        "model": "auth.user", 
        "pk": 4
    }, 
    {
        "fields": {
            "favourite_recipes": [
                1, 
                2, 
                3
            ], 
            "favourite_users": [
                1, 
                2, 
                3
            ], 
            "user": 4
        }, 
        "model": "main.useraccount", 
        "pk": 4
    }, 
    {
        "fields": {
            "infinite": false, 
            "amount": "124g", 
            "user_account": 4, 
            "ingredient": 1026
        }, 
        "model": "main.useringredient", 
        "pk": 31
    }, 
    {
        "fields": {
            "infinite": false, 
            "amount": "128g", 
            "user_account": 4, 
            "ingredient": 1026
        }, 
        "model": "main.useringredient", 
        "pk": 32
    }, 
    {
        "fields": {
            "infinite": false, 
            "amount": "132g", 
            "user_account": 4, 
            "ingredient": 1026
        }, 
        "model": "main.useringredient", 
        "pk": 33
    }, 
    {
        "fields": {
            "infinite": false, 
            "amount": "136g", 
            "user_account": 4, 
            "ingredient": 1026
        }, 
        "model": "main.useringredient", 
        "pk": 34
    }, 
    {
        "fields": {
            "infinite": false, 
            "amount": "140g", 
            "user_account": 4, 
            "ingredient": 1026
        }, 
        "model": "main.useringredient", 
        "pk": 35
    }, 
    {
        "fields": {
            "infinite": false, 
            "amount": "144g", 
            "user_account": 4, 
            "ingredient": 1026
        }, 
        "model": "main.useringredient", 
        "pk": 36
    }, 
    {
        "fields": {
            "infinite": false, 
            "amount": "148g", 
            "user_account": 4, 
            "ingredient": 1026
        }, 
        "model": "main.useringredient", 
        "pk": 37
    }, 
    {
        "fields": {
            "infinite": false, 
            "amount": "152g", 
            "user_account": 4, 
            "ingredient": 1026
        }, 
        "model": "main.useringredient", 
        "pk": 38
    }, 
    {
        "fields": {
            "cooking_time": "09:23:15", 
            "cooking_date": "2016-02-02", 
            "recipe": "9", 
            "serving_count": "39", 
            "user_account": 4
        }, 
        "model": "main.cookedrecipe", 
        "pk": 38
    }, 
    {
        "fields": {
            "cooking_time": "09:23:15", 
            "cooking_date": "2016-02-02", 
            "recipe": "10", 
            "serving_count": "39", 
            "user_account": 4
        }, 
        "model": "main.cookedrecipe", 
        "pk": 38
    }, 
    {
        "fields": {
            "cooking_time": "09:23:15", 
            "cooking_date": "2016-02-02", 
            "recipe": "11", 
            "serving_count": "39", 
            "user_account": 4
        }, 
        "model": "main.cookedrecipe", 
        "pk": 38
    }, 
    {
        "fields": {
            "amount": "30 cup", 
            "recipe": 9, 
            "ingredient": 4053
        }, 
        "model": "main.recipeingredient", 
        "pk": 30
    }, 
    {
        "fields": {
            "amount": "31 cup", 
            "recipe": 9, 
            "ingredient": 4053
        }, 
        "model": "main.recipeingredient", 
        "pk": 31
    }, 
    {
        "fields": {
            "amount": "32 cup", 
            "recipe": 9, 
            "ingredient": 4053
        }, 
        "model": "main.recipeingredient", 
        "pk": 32
    }, 
    {
        "fields": {
            "amount": "33 cup", 
            "recipe": 9, 
            "ingredient": 4053
        }, 
        "model": "main.recipeingredient", 
        "pk": 33
    }, 
    {
        "fields": {
            "amount": "34 cup", 
            "recipe": 9, 
            "ingredient": 4053
        }, 
        "model": "main.recipeingredient", 
        "pk": 34
    }, 
    {
        "fields": {
            "description": "This is the description of recipe9. It is very tasty and simple.", 
            "creator": 4, 
            "title": "Recipe number 9", 
            "creation_time": "09:23:15", 
            "creation_date": "2016-02-02", 
            "average_rating": 3.232323232, 
            "rating_count": 4, 
            "steps": "[\"Take all the ingredients in front of you.\", \"Mix them and season with salt and pepper.\", \"Fry them in a frying pan for 20 minutes.\", \"Enjoy your delicious meal!\"]", 
            "servings": 4, 
            "duration": "2:53:00", 
            "image_url": "www.example.com/image.png"
        }, 
        "model": "main.recipe", 
        "pk": 9
    }, 
    {
        "fields": {
            "amount": "35 cup", 
            "recipe": 10, 
            "ingredient": 4053
        }, 
        "model": "main.recipeingredient", 
        "pk": 35
    }, 
    {
        "fields": {
            "amount": "36 cup", 
            "recipe": 10, 
            "ingredient": 4053
        }, 
        "model": "main.recipeingredient", 
        "pk": 36
    }, 
    {
        "fields": {
            "amount": "37 cup", 
            "recipe": 10, 
            "ingredient": 4053
        }, 
        "model": "main.recipeingredient", 
        "pk": 37
    }, 
    {
        "fields": {
            "amount": "38 cup", 
            "recipe": 10, 
            "ingredient": 4053
        }, 
        "model": "main.recipeingredient", 
        "pk": 38
    }, 
    {
        "fields": {
            "amount": "39 cup", 
            "recipe": 10, 
            "ingredient": 4053
        }, 
        "model": "main.recipeingredient", 
        "pk": 39
    }, 
    {
        "fields": {
            "description": "This is the description of recipe10. It is very tasty and simple.", 
            "creator": 4, 
            "title": "Recipe number 10", 
            "creation_time": "09:23:15", 
            "creation_date": "2016-02-02", 
            "average_rating": 3.232323232, 
            "rating_count": 8, 
            "steps": "[\"Take all the ingredients in front of you.\", \"Mix them and season with salt and pepper.\", \"Fry them in a frying pan for 20 minutes.\", \"Enjoy your delicious meal!\"]", 
            "servings": 4, 
            "duration": "2:53:00", 
            "image_url": "www.example.com/image.png"
        }, 
        "model": "main.recipe", 
        "pk": 10
    }, 
    {
        "fields": {
            "amount": "40 cup", 
            "recipe": 11, 
            "ingredient": 4053
        }, 
        "model": "main.recipeingredient", 
        "pk": 40
    }, 
    {
        "fields": {
            "amount": "41 cup", 
            "recipe": 11, 
            "ingredient": 4053
        }, 
        "model": "main.recipeingredient", 
        "pk": 41
    }, 
    {
        "fields": {
            "amount": "42 cup", 
            "recipe": 11, 
            "ingredient": 4053
        }, 
        "model": "main.recipeingredient", 
        "pk": 42
    }, 
    {
        "fields": {
            "amount": "43 cup", 
            "recipe": 11, 
            "ingredient": 4053
        }, 
        "model": "main.recipeingredient", 
        "pk": 43
    }, 
    {
        "fields": {
            "amount": "44 cup", 
            "recipe": 11, 
            "ingredient": 4053
        }, 
        "model": "main.recipeingredient", 
        "pk": 44
    }, 
    {
        "fields": {
            "description": "This is the description of recipe11. It is very tasty and simple.", 
            "creator": 4, 
            "title": "Recipe number 11", 
            "creation_time": "09:23:15", 
            "creation_date": "2016-02-02", 
            "average_rating": 3.232323232, 
            "rating_count": 12, 
            "steps": "[\"Take all the ingredients in front of you.\", \"Mix them and season with salt and pepper.\", \"Fry them in a frying pan for 20 minutes.\", \"Enjoy your delicious meal!\"]", 
            "servings": 4, 
            "duration": "2:53:00", 
            "image_url": "www.example.com/image.png"
        }, 
        "model": "main.recipe", 
        "pk": 11
    }, 
    {
        "fields": {
            "username": "user5", 
            "first_name": "", 
            "last_name": "", 
            "is_active": true, 
            "is_superuser": false, 
            "is_staff": false, 
            "last_login": "2016-11-09T18:08:23.137Z", 
            "groups": [], 
            "user_permissions": [], 
            "password": "pbkdf2_sha256$30000$qwdCTXISuS1t$CyHx8U8Q7b/JlX24lOqbUXm+n2BrwNfHVzqNL3GkWs4=", 
            "email": "user5@cookit.com", 
            "date_joined": "2016-11-09T18:08:13.734Z"
        }, 
        "model": "auth.user", 
        "pk": 5
    }, 
    {
        "fields": {
            "favourite_recipes": [
                1, 
                2, 
                3, 
                4
            ], 
            "favourite_users": [
                1, 
                2, 
                3, 
                4
            ], 
            "user": 5
        }, 
        "model": "main.useraccount", 
        "pk": 5
    }, 
    {
        "fields": {
            "infinite": false, 
            "amount": "205g", 
            "user_account": 5, 
            "ingredient": 1026
        }, 
        "model": "main.useringredient", 
        "pk": 41
    }, 
    {
        "fields": {
            "infinite": false, 
            "amount": "210g", 
            "user_account": 5, 
            "ingredient": 1026
        }, 
        "model": "main.useringredient", 
        "pk": 42
    }, 
    {
        "fields": {
            "infinite": false, 
            "amount": "215g", 
            "user_account": 5, 
            "ingredient": 1026
        }, 
        "model": "main.useringredient", 
        "pk": 43
    }, 
    {
        "fields": {
            "infinite": false, 
            "amount": "220g", 
            "user_account": 5, 
            "ingredient": 1026
        }, 
        "model": "main.useringredient", 
        "pk": 44
    }, 
    {
        "fields": {
            "infinite": false, 
            "amount": "225g", 
            "user_account": 5, 
            "ingredient": 1026
        }, 
        "model": "main.useringredient", 
        "pk": 45
    }, 
    {
        "fields": {
            "infinite": false, 
            "amount": "230g", 
            "user_account": 5, 
            "ingredient": 1026
        }, 
        "model": "main.useringredient", 
        "pk": 46
    }, 
    {
        "fields": {
            "infinite": false, 
            "amount": "235g", 
            "user_account": 5, 
            "ingredient": 1026
        }, 
        "model": "main.useringredient", 
        "pk": 47
    }, 
    {
        "fields": {
            "infinite": false, 
            "amount": "240g", 
            "user_account": 5, 
            "ingredient": 1026
        }, 
        "model": "main.useringredient", 
        "pk": 48
    }, 
    {
        "fields": {
            "cooking_time": "09:23:15", 
            "cooking_date": "2016-02-02", 
            "recipe": "12", 
            "serving_count": "49", 
            "user_account": 5
        }, 
        "model": "main.cookedrecipe", 
        "pk": 48
    }, 
    {
        "fields": {
            "cooking_time": "09:23:15", 
            "cooking_date": "2016-02-02", 
            "recipe": "13", 
            "serving_count": "49", 
            "user_account": 5
        }, 
        "model": "main.cookedrecipe", 
        "pk": 48
    }, 
    {
        "fields": {
            "cooking_time": "09:23:15", 
            "cooking_date": "2016-02-02", 
            "recipe": "14", 
            "serving_count": "49", 
            "user_account": 5
        }, 
        "model": "main.cookedrecipe", 
        "pk": 48
    }, 
    {
        "fields": {
            "amount": "40 cup", 
            "recipe": 12, 
            "ingredient": 4053
        }, 
        "model": "main.recipeingredient", 
        "pk": 40
    }, 
    {
        "fields": {
            "amount": "41 cup", 
            "recipe": 12, 
            "ingredient": 4053
        }, 
        "model": "main.recipeingredient", 
        "pk": 41
    }, 
    {
        "fields": {
            "amount": "42 cup", 
            "recipe": 12, 
            "ingredient": 4053
        }, 
        "model": "main.recipeingredient", 
        "pk": 42
    }, 
    {
        "fields": {
            "amount": "43 cup", 
            "recipe": 12, 
            "ingredient": 4053
        }, 
        "model": "main.recipeingredient", 
        "pk": 43
    }, 
    {
        "fields": {
            "amount": "44 cup", 
            "recipe": 12, 
            "ingredient": 4053
        }, 
        "model": "main.recipeingredient", 
        "pk": 44
    }, 
    {
        "fields": {
            "description": "This is the description of recipe12. It is very tasty and simple.", 
            "creator": 5, 
            "title": "Recipe number 12", 
            "creation_time": "09:23:15", 
            "creation_date": "2016-02-02", 
            "average_rating": 3.232323232, 
            "rating_count": 5, 
            "steps": "[\"Take all the ingredients in front of you.\", \"Mix them and season with salt and pepper.\", \"Fry them in a frying pan for 20 minutes.\", \"Enjoy your delicious meal!\"]", 
            "servings": 5, 
            "duration": "3:43:00", 
            "image_url": "www.example.com/image.png"
        }, 
        "model": "main.recipe", 
        "pk": 12
    }, 
    {
        "fields": {
            "amount": "45 cup", 
            "recipe": 13, 
            "ingredient": 4053
        }, 
        "model": "main.recipeingredient", 
        "pk": 45
    }, 
    {
        "fields": {
            "amount": "46 cup", 
            "recipe": 13, 
            "ingredient": 4053
        }, 
        "model": "main.recipeingredient", 
        "pk": 46
    }, 
    {
        "fields": {
            "amount": "47 cup", 
            "recipe": 13, 
            "ingredient": 4053
        }, 
        "model": "main.recipeingredient", 
        "pk": 47
    }, 
    {
        "fields": {
            "amount": "48 cup", 
            "recipe": 13, 
            "ingredient": 4053
        }, 
        "model": "main.recipeingredient", 
        "pk": 48
    }, 
    {
        "fields": {
            "amount": "49 cup", 
            "recipe": 13, 
            "ingredient": 4053
        }, 
        "model": "main.recipeingredient", 
        "pk": 49
    }, 
    {
        "fields": {
            "description": "This is the description of recipe13. It is very tasty and simple.", 
            "creator": 5, 
            "title": "Recipe number 13", 
            "creation_time": "09:23:15", 
            "creation_date": "2016-02-02", 
            "average_rating": 3.232323232, 
            "rating_count": 10, 
            "steps": "[\"Take all the ingredients in front of you.\", \"Mix them and season with salt and pepper.\", \"Fry them in a frying pan for 20 minutes.\", \"Enjoy your delicious meal!\"]", 
            "servings": 5, 
            "duration": "3:43:00", 
            "image_url": "www.example.com/image.png"
        }, 
        "model": "main.recipe", 
        "pk": 13
    }, 
    {
        "fields": {
            "amount": "50 cup", 
            "recipe": 14, 
            "ingredient": 4053
        }, 
        "model": "main.recipeingredient", 
        "pk": 50
    }, 
    {
        "fields": {
            "amount": "51 cup", 
            "recipe": 14, 
            "ingredient": 4053
        }, 
        "model": "main.recipeingredient", 
        "pk": 51
    }, 
    {
        "fields": {
            "amount": "52 cup", 
            "recipe": 14, 
            "ingredient": 4053
        }, 
        "model": "main.recipeingredient", 
        "pk": 52
    }, 
    {
        "fields": {
            "amount": "53 cup", 
            "recipe": 14, 
            "ingredient": 4053
        }, 
        "model": "main.recipeingredient", 
        "pk": 53
    }, 
    {
        "fields": {
            "amount": "54 cup", 
            "recipe": 14, 
            "ingredient": 4053
        }, 
        "model": "main.recipeingredient", 
        "pk": 54
    }, 
    {
        "fields": {
            "description": "This is the description of recipe14. It is very tasty and simple.", 
            "creator": 5, 
            "title": "Recipe number 14", 
            "creation_time": "09:23:15", 
            "creation_date": "2016-02-02", 
            "average_rating": 3.232323232, 
            "rating_count": 15, 
            "steps": "[\"Take all the ingredients in front of you.\", \"Mix them and season with salt and pepper.\", \"Fry them in a frying pan for 20 minutes.\", \"Enjoy your delicious meal!\"]", 
            "servings": 5, 
            "duration": "3:43:00", 
            "image_url": "www.example.com/image.png"
        }, 
        "model": "main.recipe", 
        "pk": 14
    }, 
    {
        "fields": {
            "username": "user6", 
            "first_name": "", 
            "last_name": "", 
            "is_active": true, 
            "is_superuser": false, 
            "is_staff": false, 
            "last_login": "2016-11-09T18:08:23.137Z", 
            "groups": [], 
            "user_permissions": [], 
            "password": "pbkdf2_sha256$30000$qwdCTXISuS1t$CyHx8U8Q7b/JlX24lOqbUXm+n2BrwNfHVzqNL3GkWs4=", 
            "email": "user6@cookit.com", 
            "date_joined": "2016-11-09T18:08:13.734Z"
        }, 
        "model": "auth.user", 
        "pk": 6
    }, 
    {
        "fields": {
            "favourite_recipes": [
                1, 
                2, 
                3, 
                4, 
                5
            ], 
            "favourite_users": [
                1, 
                2, 
                3, 
                4, 
                5
            ], 
            "user": 6
        }, 
        "model": "main.useraccount", 
        "pk": 6
    }, 
    {
        "fields": {
            "infinite": false, 
            "amount": "306g", 
            "user_account": 6, 
            "ingredient": 1026
        }, 
        "model": "main.useringredient", 
        "pk": 51
    }, 
    {
        "fields": {
            "infinite": false, 
            "amount": "312g", 
            "user_account": 6, 
            "ingredient": 1026
        }, 
        "model": "main.useringredient", 
        "pk": 52
    }, 
    {
        "fields": {
            "infinite": false, 
            "amount": "318g", 
            "user_account": 6, 
            "ingredient": 1026
        }, 
        "model": "main.useringredient", 
        "pk": 53
    }, 
    {
        "fields": {
            "infinite": false, 
            "amount": "324g", 
            "user_account": 6, 
            "ingredient": 1026
        }, 
        "model": "main.useringredient", 
        "pk": 54
    }, 
    {
        "fields": {
            "infinite": false, 
            "amount": "330g", 
            "user_account": 6, 
            "ingredient": 1026
        }, 
        "model": "main.useringredient", 
        "pk": 55
    }, 
    {
        "fields": {
            "infinite": false, 
            "amount": "336g", 
            "user_account": 6, 
            "ingredient": 1026
        }, 
        "model": "main.useringredient", 
        "pk": 56
    }, 
    {
        "fields": {
            "infinite": false, 
            "amount": "342g", 
            "user_account": 6, 
            "ingredient": 1026
        }, 
        "model": "main.useringredient", 
        "pk": 57
    }, 
    {
        "fields": {
            "infinite": false, 
            "amount": "348g", 
            "user_account": 6, 
            "ingredient": 1026
        }, 
        "model": "main.useringredient", 
        "pk": 58
    }, 
    {
        "fields": {
            "cooking_time": "09:23:15", 
            "cooking_date": "2016-02-02", 
            "recipe": "15", 
            "serving_count": "59", 
            "user_account": 6
        }, 
        "model": "main.cookedrecipe", 
        "pk": 58
    }, 
    {
        "fields": {
            "cooking_time": "09:23:15", 
            "cooking_date": "2016-02-02", 
            "recipe": "16", 
            "serving_count": "59", 
            "user_account": 6
        }, 
        "model": "main.cookedrecipe", 
        "pk": 58
    }, 
    {
        "fields": {
            "cooking_time": "09:23:15", 
            "cooking_date": "2016-02-02", 
            "recipe": "17", 
            "serving_count": "59", 
            "user_account": 6
        }, 
        "model": "main.cookedrecipe", 
        "pk": 58
    }, 
    {
        "fields": {
            "amount": "50 cup", 
            "recipe": 15, 
            "ingredient": 4053
        }, 
        "model": "main.recipeingredient", 
        "pk": 50
    }, 
    {
        "fields": {
            "amount": "51 cup", 
            "recipe": 15, 
            "ingredient": 4053
        }, 
        "model": "main.recipeingredient", 
        "pk": 51
    }, 
    {
        "fields": {
            "amount": "52 cup", 
            "recipe": 15, 
            "ingredient": 4053
        }, 
        "model": "main.recipeingredient", 
        "pk": 52
    }, 
    {
        "fields": {
            "amount": "53 cup", 
            "recipe": 15, 
            "ingredient": 4053
        }, 
        "model": "main.recipeingredient", 
        "pk": 53
    }, 
    {
        "fields": {
            "amount": "54 cup", 
            "recipe": 15, 
            "ingredient": 4053
        }, 
        "model": "main.recipeingredient", 
        "pk": 54
    }, 
    {
        "fields": {
            "description": "This is the description of recipe15. It is very tasty and simple.", 
            "creator": 6, 
            "title": "Recipe number 15", 
            "creation_time": "09:23:15", 
            "creation_date": "2016-02-02", 
            "average_rating": 3.232323232, 
            "rating_count": 6, 
            "steps": "[\"Take all the ingredients in front of you.\", \"Mix them and season with salt and pepper.\", \"Fry them in a frying pan for 20 minutes.\", \"Enjoy your delicious meal!\"]", 
            "servings": 6, 
            "duration": "4:40:00", 
            "image_url": "www.example.com/image.png"
        }, 
        "model": "main.recipe", 
        "pk": 15
    }, 
    {
        "fields": {
            "amount": "55 cup", 
            "recipe": 16, 
            "ingredient": 4053
        }, 
        "model": "main.recipeingredient", 
        "pk": 55
    }, 
    {
        "fields": {
            "amount": "56 cup", 
            "recipe": 16, 
            "ingredient": 4053
        }, 
        "model": "main.recipeingredient", 
        "pk": 56
    }, 
    {
        "fields": {
            "amount": "57 cup", 
            "recipe": 16, 
            "ingredient": 4053
        }, 
        "model": "main.recipeingredient", 
        "pk": 57
    }, 
    {
        "fields": {
            "amount": "58 cup", 
            "recipe": 16, 
            "ingredient": 4053
        }, 
        "model": "main.recipeingredient", 
        "pk": 58
    }, 
    {
        "fields": {
            "amount": "59 cup", 
            "recipe": 16, 
            "ingredient": 4053
        }, 
        "model": "main.recipeingredient", 
        "pk": 59
    }, 
    {
        "fields": {
            "description": "This is the description of recipe16. It is very tasty and simple.", 
            "creator": 6, 
            "title": "Recipe number 16", 
            "creation_time": "09:23:15", 
            "creation_date": "2016-02-02", 
            "average_rating": 3.232323232, 
            "rating_count": 12, 
            "steps": "[\"Take all the ingredients in front of you.\", \"Mix them and season with salt and pepper.\", \"Fry them in a frying pan for 20 minutes.\", \"Enjoy your delicious meal!\"]", 
            "servings": 6, 
            "duration": "4:40:00", 
            "image_url": "www.example.com/image.png"
        }, 
        "model": "main.recipe", 
        "pk": 16
    }, 
    {
        "fields": {
            "amount": "60 cup", 
            "recipe": 17, 
            "ingredient": 4053
        }, 
        "model": "main.recipeingredient", 
        "pk": 60
    }, 
    {
        "fields": {
            "amount": "61 cup", 
            "recipe": 17, 
            "ingredient": 4053
        }, 
        "model": "main.recipeingredient", 
        "pk": 61
    }, 
    {
        "fields": {
            "amount": "62 cup", 
            "recipe": 17, 
            "ingredient": 4053
        }, 
        "model": "main.recipeingredient", 
        "pk": 62
    }, 
    {
        "fields": {
            "amount": "63 cup", 
            "recipe": 17, 
            "ingredient": 4053
        }, 
        "model": "main.recipeingredient", 
        "pk": 63
    }, 
    {
        "fields": {
            "amount": "64 cup", 
            "recipe": 17, 
            "ingredient": 4053
        }, 
        "model": "main.recipeingredient", 
        "pk": 64
    }, 
    {
        "fields": {
            "description": "This is the description of recipe17. It is very tasty and simple.", 
            "creator": 6, 
            "title": "Recipe number 17", 
            "creation_time": "09:23:15", 
            "creation_date": "2016-02-02", 
            "average_rating": 3.232323232, 
            "rating_count": 18, 
            "steps": "[\"Take all the ingredients in front of you.\", \"Mix them and season with salt and pepper.\", \"Fry them in a frying pan for 20 minutes.\", \"Enjoy your delicious meal!\"]", 
            "servings": 6, 
            "duration": "4:40:00", 
            "image_url": "www.example.com/image.png"
        }, 
        "model": "main.recipe", 
        "pk": 17
    }, 
    {
        "fields": {
            "username": "user7", 
            "first_name": "", 
            "last_name": "", 
            "is_active": true, 
            "is_superuser": false, 
            "is_staff": false, 
            "last_login": "2016-11-09T18:08:23.137Z", 
            "groups": [], 
            "user_permissions": [], 
            "password": "pbkdf2_sha256$30000$qwdCTXISuS1t$CyHx8U8Q7b/JlX24lOqbUXm+n2BrwNfHVzqNL3GkWs4=", 
            "email": "user7@cookit.com", 
            "date_joined": "2016-11-09T18:08:13.734Z"
        }, 
        "model": "auth.user", 
        "pk": 7
    }, 
    {
        "fields": {
            "favourite_recipes": [
                1, 
                2, 
                3, 
                4, 
                5, 
                6
            ], 
            "favourite_users": [
                1, 
                2, 
                3, 
                4, 
                5, 
                6
            ], 
            "user": 7
        }, 
        "model": "main.useraccount", 
        "pk": 7
    }, 
    {
        "fields": {
            "infinite": false, 
            "amount": "427g", 
            "user_account": 7, 
            "ingredient": 1026
        }, 
        "model": "main.useringredient", 
        "pk": 61
    }, 
    {
        "fields": {
            "infinite": false, 
            "amount": "434g", 
            "user_account": 7, 
            "ingredient": 1026
        }, 
        "model": "main.useringredient", 
        "pk": 62
    }, 
    {
        "fields": {
            "infinite": false, 
            "amount": "441g", 
            "user_account": 7, 
            "ingredient": 1026
        }, 
        "model": "main.useringredient", 
        "pk": 63
    }, 
    {
        "fields": {
            "infinite": false, 
            "amount": "448g", 
            "user_account": 7, 
            "ingredient": 1026
        }, 
        "model": "main.useringredient", 
        "pk": 64
    }, 
    {
        "fields": {
            "infinite": false, 
            "amount": "455g", 
            "user_account": 7, 
            "ingredient": 1026
        }, 
        "model": "main.useringredient", 
        "pk": 65
    }, 
    {
        "fields": {
            "infinite": false, 
            "amount": "462g", 
            "user_account": 7, 
            "ingredient": 1026
        }, 
        "model": "main.useringredient", 
        "pk": 66
    }, 
    {
        "fields": {
            "infinite": false, 
            "amount": "469g", 
            "user_account": 7, 
            "ingredient": 1026
        }, 
        "model": "main.useringredient", 
        "pk": 67
    }, 
    {
        "fields": {
            "infinite": false, 
            "amount": "476g", 
            "user_account": 7, 
            "ingredient": 1026
        }, 
        "model": "main.useringredient", 
        "pk": 68
    }, 
    {
        "fields": {
            "cooking_time": "09:23:15", 
            "cooking_date": "2016-02-02", 
            "recipe": "18", 
            "serving_count": "69", 
            "user_account": 7
        }, 
        "model": "main.cookedrecipe", 
        "pk": 68
    }, 
    {
        "fields": {
            "cooking_time": "09:23:15", 
            "cooking_date": "2016-02-02", 
            "recipe": "19", 
            "serving_count": "69", 
            "user_account": 7
        }, 
        "model": "main.cookedrecipe", 
        "pk": 68
    }, 
    {
        "fields": {
            "cooking_time": "09:23:15", 
            "cooking_date": "2016-02-02", 
            "recipe": "20", 
            "serving_count": "69", 
            "user_account": 7
        }, 
        "model": "main.cookedrecipe", 
        "pk": 68
    }, 
    {
        "fields": {
            "amount": "60 cup", 
            "recipe": 18, 
            "ingredient": 4053
        }, 
        "model": "main.recipeingredient", 
        "pk": 60
    }, 
    {
        "fields": {
            "amount": "61 cup", 
            "recipe": 18, 
            "ingredient": 4053
        }, 
        "model": "main.recipeingredient", 
        "pk": 61
    }, 
    {
        "fields": {
            "amount": "62 cup", 
            "recipe": 18, 
            "ingredient": 4053
        }, 
        "model": "main.recipeingredient", 
        "pk": 62
    }, 
    {
        "fields": {
            "amount": "63 cup", 
            "recipe": 18, 
            "ingredient": 4053
        }, 
        "model": "main.recipeingredient", 
        "pk": 63
    }, 
    {
        "fields": {
            "amount": "64 cup", 
            "recipe": 18, 
            "ingredient": 4053
        }, 
        "model": "main.recipeingredient", 
        "pk": 64
    }, 
    {
        "fields": {
            "description": "This is the description of recipe18. It is very tasty and simple.", 
            "creator": 7, 
            "title": "Recipe number 18", 
            "creation_time": "09:23:15", 
            "creation_date": "2016-02-02", 
            "average_rating": 3.232323232, 
            "rating_count": 7, 
            "steps": "[\"Take all the ingredients in front of you.\", \"Mix them and season with salt and pepper.\", \"Fry them in a frying pan for 20 minutes.\", \"Enjoy your delicious meal!\"]", 
            "servings": 7, 
            "duration": "3:36:00", 
            "image_url": "www.example.com/image.png"
        }, 
        "model": "main.recipe", 
        "pk": 18
    }, 
    {
        "fields": {
            "amount": "65 cup", 
            "recipe": 19, 
            "ingredient": 4053
        }, 
        "model": "main.recipeingredient", 
        "pk": 65
    }, 
    {
        "fields": {
            "amount": "66 cup", 
            "recipe": 19, 
            "ingredient": 4053
        }, 
        "model": "main.recipeingredient", 
        "pk": 66
    }, 
    {
        "fields": {
            "amount": "67 cup", 
            "recipe": 19, 
            "ingredient": 4053
        }, 
        "model": "main.recipeingredient", 
        "pk": 67
    }, 
    {
        "fields": {
            "amount": "68 cup", 
            "recipe": 19, 
            "ingredient": 4053
        }, 
        "model": "main.recipeingredient", 
        "pk": 68
    }, 
    {
        "fields": {
            "amount": "69 cup", 
            "recipe": 19, 
            "ingredient": 4053
        }, 
        "model": "main.recipeingredient", 
        "pk": 69
    }, 
    {
        "fields": {
            "description": "This is the description of recipe19. It is very tasty and simple.", 
            "creator": 7, 
            "title": "Recipe number 19", 
            "creation_time": "09:23:15", 
            "creation_date": "2016-02-02", 
            "average_rating": 3.232323232, 
            "rating_count": 14, 
            "steps": "[\"Take all the ingredients in front of you.\", \"Mix them and season with salt and pepper.\", \"Fry them in a frying pan for 20 minutes.\", \"Enjoy your delicious meal!\"]", 
            "servings": 7, 
            "duration": "3:36:00", 
            "image_url": "www.example.com/image.png"
        }, 
        "model": "main.recipe", 
        "pk": 19
    }, 
    {
        "fields": {
            "amount": "70 cup", 
            "recipe": 20, 
            "ingredient": 4053
        }, 
        "model": "main.recipeingredient", 
        "pk": 70
    }, 
    {
        "fields": {
            "amount": "71 cup", 
            "recipe": 20, 
            "ingredient": 4053
        }, 
        "model": "main.recipeingredient", 
        "pk": 71
    }, 
    {
        "fields": {
            "amount": "72 cup", 
            "recipe": 20, 
            "ingredient": 4053
        }, 
        "model": "main.recipeingredient", 
        "pk": 72
    }, 
    {
        "fields": {
            "amount": "73 cup", 
            "recipe": 20, 
            "ingredient": 4053
        }, 
        "model": "main.recipeingredient", 
        "pk": 73
    }, 
    {
        "fields": {
            "amount": "74 cup", 
            "recipe": 20, 
            "ingredient": 4053
        }, 
        "model": "main.recipeingredient", 
        "pk": 74
    }, 
    {
        "fields": {
            "description": "This is the description of recipe20. It is very tasty and simple.", 
            "creator": 7, 
            "title": "Recipe number 20", 
            "creation_time": "09:23:15", 
            "creation_date": "2016-02-02", 
            "average_rating": 3.232323232, 
            "rating_count": 21, 
            "steps": "[\"Take all the ingredients in front of you.\", \"Mix them and season with salt and pepper.\", \"Fry them in a frying pan for 20 minutes.\", \"Enjoy your delicious meal!\"]", 
            "servings": 7, 
            "duration": "3:36:00", 
            "image_url": "www.example.com/image.png"
        }, 
        "model": "main.recipe", 
        "pk": 20
    }, 
    {
        "fields": {
            "username": "user8", 
            "first_name": "", 
            "last_name": "", 
            "is_active": true, 
            "is_superuser": false, 
            "is_staff": false, 
            "last_login": "2016-11-09T18:08:23.137Z", 
            "groups": [], 
            "user_permissions": [], 
            "password": "pbkdf2_sha256$30000$qwdCTXISuS1t$CyHx8U8Q7b/JlX24lOqbUXm+n2BrwNfHVzqNL3GkWs4=", 
            "email": "user8@cookit.com", 
            "date_joined": "2016-11-09T18:08:13.734Z"
        }, 
        "model": "auth.user", 
        "pk": 8
    }, 
    {
        "fields": {
            "favourite_recipes": [
                1, 
                2, 
                3, 
                4, 
                5, 
                6, 
                7
            ], 
            "favourite_users": [
                1, 
                2, 
                3, 
                4, 
                5, 
                6, 
                7
            ], 
            "user": 8
        }, 
        "model": "main.useraccount", 
        "pk": 8
    }, 
    {
        "fields": {
            "infinite": false, 
            "amount": "568g", 
            "user_account": 8, 
            "ingredient": 1026
        }, 
        "model": "main.useringredient", 
        "pk": 71
    }, 
    {
        "fields": {
            "infinite": false, 
            "amount": "576g", 
            "user_account": 8, 
            "ingredient": 1026
        }, 
        "model": "main.useringredient", 
        "pk": 72
    }, 
    {
        "fields": {
            "infinite": false, 
            "amount": "584g", 
            "user_account": 8, 
            "ingredient": 1026
        }, 
        "model": "main.useringredient", 
        "pk": 73
    }, 
    {
        "fields": {
            "infinite": false, 
            "amount": "592g", 
            "user_account": 8, 
            "ingredient": 1026
        }, 
        "model": "main.useringredient", 
        "pk": 74
    }, 
    {
        "fields": {
            "infinite": false, 
            "amount": "600g", 
            "user_account": 8, 
            "ingredient": 1026
        }, 
        "model": "main.useringredient", 
        "pk": 75
    }, 
    {
        "fields": {
            "infinite": false, 
            "amount": "608g", 
            "user_account": 8, 
            "ingredient": 1026
        }, 
        "model": "main.useringredient", 
        "pk": 76
    }, 
    {
        "fields": {
            "infinite": false, 
            "amount": "616g", 
            "user_account": 8, 
            "ingredient": 1026
        }, 
        "model": "main.useringredient", 
        "pk": 77
    }, 
    {
        "fields": {
            "infinite": false, 
            "amount": "624g", 
            "user_account": 8, 
            "ingredient": 1026
        }, 
        "model": "main.useringredient", 
        "pk": 78
    }, 
    {
        "fields": {
            "cooking_time": "09:23:15", 
            "cooking_date": "2016-02-02", 
            "recipe": "21", 
            "serving_count": "79", 
            "user_account": 8
        }, 
        "model": "main.cookedrecipe", 
        "pk": 78
    }, 
    {
        "fields": {
            "cooking_time": "09:23:15", 
            "cooking_date": "2016-02-02", 
            "recipe": "22", 
            "serving_count": "79", 
            "user_account": 8
        }, 
        "model": "main.cookedrecipe", 
        "pk": 78
    }, 
    {
        "fields": {
            "cooking_time": "09:23:15", 
            "cooking_date": "2016-02-02", 
            "recipe": "23", 
            "serving_count": "79", 
            "user_account": 8
        }, 
        "model": "main.cookedrecipe", 
        "pk": 78
    }, 
    {
        "fields": {
            "amount": "70 cup", 
            "recipe": 21, 
            "ingredient": 4053
        }, 
        "model": "main.recipeingredient", 
        "pk": 70
    }, 
    {
        "fields": {
            "amount": "71 cup", 
            "recipe": 21, 
            "ingredient": 4053
        }, 
        "model": "main.recipeingredient", 
        "pk": 71
    }, 
    {
        "fields": {
            "amount": "72 cup", 
            "recipe": 21, 
            "ingredient": 4053
        }, 
        "model": "main.recipeingredient", 
        "pk": 72
    }, 
    {
        "fields": {
            "amount": "73 cup", 
            "recipe": 21, 
            "ingredient": 4053
        }, 
        "model": "main.recipeingredient", 
        "pk": 73
    }, 
    {
        "fields": {
            "amount": "74 cup", 
            "recipe": 21, 
            "ingredient": 4053
        }, 
        "model": "main.recipeingredient", 
        "pk": 74
    }, 
    {
        "fields": {
            "description": "This is the description of recipe21. It is very tasty and simple.", 
            "creator": 8, 
            "title": "Recipe number 21", 
            "creation_time": "09:23:15", 
            "creation_date": "2016-02-02", 
            "average_rating": 3.232323232, 
            "rating_count": 8, 
            "steps": "[\"Take all the ingredients in front of you.\", \"Mix them and season with salt and pepper.\", \"Fry them in a frying pan for 20 minutes.\", \"Enjoy your delicious meal!\"]", 
            "servings": 8, 
            "duration": "3:48:00", 
            "image_url": "www.example.com/image.png"
        }, 
        "model": "main.recipe", 
        "pk": 21
    }, 
    {
        "fields": {
            "amount": "75 cup", 
            "recipe": 22, 
            "ingredient": 4053
        }, 
        "model": "main.recipeingredient", 
        "pk": 75
    }, 
    {
        "fields": {
            "amount": "76 cup", 
            "recipe": 22, 
            "ingredient": 4053
        }, 
        "model": "main.recipeingredient", 
        "pk": 76
    }, 
    {
        "fields": {
            "amount": "77 cup", 
            "recipe": 22, 
            "ingredient": 4053
        }, 
        "model": "main.recipeingredient", 
        "pk": 77
    }, 
    {
        "fields": {
            "amount": "78 cup", 
            "recipe": 22, 
            "ingredient": 4053
        }, 
        "model": "main.recipeingredient", 
        "pk": 78
    }, 
    {
        "fields": {
            "amount": "79 cup", 
            "recipe": 22, 
            "ingredient": 4053
        }, 
        "model": "main.recipeingredient", 
        "pk": 79
    }, 
    {
        "fields": {
            "description": "This is the description of recipe22. It is very tasty and simple.", 
            "creator": 8, 
            "title": "Recipe number 22", 
            "creation_time": "09:23:15", 
            "creation_date": "2016-02-02", 
            "average_rating": 3.232323232, 
            "rating_count": 16, 
            "steps": "[\"Take all the ingredients in front of you.\", \"Mix them and season with salt and pepper.\", \"Fry them in a frying pan for 20 minutes.\", \"Enjoy your delicious meal!\"]", 
            "servings": 8, 
            "duration": "3:48:00", 
            "image_url": "www.example.com/image.png"
        }, 
        "model": "main.recipe", 
        "pk": 22
    }, 
    {
        "fields": {
            "amount": "80 cup", 
            "recipe": 23, 
            "ingredient": 4053
        }, 
        "model": "main.recipeingredient", 
        "pk": 80
    }, 
    {
        "fields": {
            "amount": "81 cup", 
            "recipe": 23, 
            "ingredient": 4053
        }, 
        "model": "main.recipeingredient", 
        "pk": 81
    }, 
    {
        "fields": {
            "amount": "82 cup", 
            "recipe": 23, 
            "ingredient": 4053
        }, 
        "model": "main.recipeingredient", 
        "pk": 82
    }, 
    {
        "fields": {
            "amount": "83 cup", 
            "recipe": 23, 
            "ingredient": 4053
        }, 
        "model": "main.recipeingredient", 
        "pk": 83
    }, 
    {
        "fields": {
            "amount": "84 cup", 
            "recipe": 23, 
            "ingredient": 4053
        }, 
        "model": "main.recipeingredient", 
        "pk": 84
    }, 
    {
        "fields": {
            "description": "This is the description of recipe23. It is very tasty and simple.", 
            "creator": 8, 
            "title": "Recipe number 23", 
            "creation_time": "09:23:15", 
            "creation_date": "2016-02-02", 
            "average_rating": 3.232323232, 
            "rating_count": 24, 
            "steps": "[\"Take all the ingredients in front of you.\", \"Mix them and season with salt and pepper.\", \"Fry them in a frying pan for 20 minutes.\", \"Enjoy your delicious meal!\"]", 
            "servings": 8, 
            "duration": "3:48:00", 
            "image_url": "www.example.com/image.png"
        }, 
        "model": "main.recipe", 
        "pk": 23
    }, 
    {
        "fields": {
            "username": "user9", 
            "first_name": "", 
            "last_name": "", 
            "is_active": true, 
            "is_superuser": false, 
            "is_staff": false, 
            "last_login": "2016-11-09T18:08:23.137Z", 
            "groups": [], 
            "user_permissions": [], 
            "password": "pbkdf2_sha256$30000$qwdCTXISuS1t$CyHx8U8Q7b/JlX24lOqbUXm+n2BrwNfHVzqNL3GkWs4=", 
            "email": "user9@cookit.com", 
            "date_joined": "2016-11-09T18:08:13.734Z"
        }, 
        "model": "auth.user", 
        "pk": 9
    }, 
    {
        "fields": {
            "favourite_recipes": [
                1, 
                2, 
                3, 
                4, 
                5, 
                6, 
                7, 
                8
            ], 
            "favourite_users": [
                1, 
                2, 
                3, 
                4, 
                5, 
                6, 
                7, 
                8
            ], 
            "user": 9
        }, 
        "model": "main.useraccount", 
        "pk": 9
    }, 
    {
        "fields": {
            "infinite": false, 
            "amount": "729g", 
            "user_account": 9, 
            "ingredient": 1026
        }, 
        "model": "main.useringredient", 
        "pk": 81
    }, 
    {
        "fields": {
            "infinite": false, 
            "amount": "738g", 
            "user_account": 9, 
            "ingredient": 1026
        }, 
        "model": "main.useringredient", 
        "pk": 82
    }, 
    {
        "fields": {
            "infinite": false, 
            "amount": "747g", 
            "user_account": 9, 
            "ingredient": 1026
        }, 
        "model": "main.useringredient", 
        "pk": 83
    }, 
    {
        "fields": {
            "infinite": false, 
            "amount": "756g", 
            "user_account": 9, 
            "ingredient": 1026
        }, 
        "model": "main.useringredient", 
        "pk": 84
    }, 
    {
        "fields": {
            "infinite": false, 
            "amount": "765g", 
            "user_account": 9, 
            "ingredient": 1026
        }, 
        "model": "main.useringredient", 
        "pk": 85
    }, 
    {
        "fields": {
            "infinite": false, 
            "amount": "774g", 
            "user_account": 9, 
            "ingredient": 1026
        }, 
        "model": "main.useringredient", 
        "pk": 86
    }, 
    {
        "fields": {
            "infinite": false, 
            "amount": "783g", 
            "user_account": 9, 
            "ingredient": 1026
        }, 
        "model": "main.useringredient", 
        "pk": 87
    }, 
    {
        "fields": {
            "infinite": false, 
            "amount": "792g", 
            "user_account": 9, 
            "ingredient": 1026
        }, 
        "model": "main.useringredient", 
        "pk": 88
    }, 
    {
        "fields": {
            "cooking_time": "09:23:15", 
            "cooking_date": "2016-02-02", 
            "recipe": "24", 
            "serving_count": "89", 
            "user_account": 9
        }, 
        "model": "main.cookedrecipe", 
        "pk": 88
    }, 
    {
        "fields": {
            "cooking_time": "09:23:15", 
            "cooking_date": "2016-02-02", 
            "recipe": "25", 
            "serving_count": "89", 
            "user_account": 9
        }, 
        "model": "main.cookedrecipe", 
        "pk": 88
    }, 
    {
        "fields": {
            "cooking_time": "09:23:15", 
            "cooking_date": "2016-02-02", 
            "recipe": "26", 
            "serving_count": "89", 
            "user_account": 9
        }, 
        "model": "main.cookedrecipe", 
        "pk": 88
    }, 
    {
        "fields": {
            "amount": "80 cup", 
            "recipe": 24, 
            "ingredient": 4053
        }, 
        "model": "main.recipeingredient", 
        "pk": 80
    }, 
    {
        "fields": {
            "amount": "81 cup", 
            "recipe": 24, 
            "ingredient": 4053
        }, 
        "model": "main.recipeingredient", 
        "pk": 81
    }, 
    {
        "fields": {
            "amount": "82 cup", 
            "recipe": 24, 
            "ingredient": 4053
        }, 
        "model": "main.recipeingredient", 
        "pk": 82
    }, 
    {
        "fields": {
            "amount": "83 cup", 
            "recipe": 24, 
            "ingredient": 4053
        }, 
        "model": "main.recipeingredient", 
        "pk": 83
    }, 
    {
        "fields": {
            "amount": "84 cup", 
            "recipe": 24, 
            "ingredient": 4053
        }, 
        "model": "main.recipeingredient", 
        "pk": 84
    }, 
    {
        "fields": {
            "description": "This is the description of recipe24. It is very tasty and simple.", 
            "creator": 9, 
            "title": "Recipe number 24", 
            "creation_time": "09:23:15", 
            "creation_date": "2016-02-02", 
            "average_rating": 3.232323232, 
            "rating_count": 9, 
            "steps": "[\"Take all the ingredients in front of you.\", \"Mix them and season with salt and pepper.\", \"Fry them in a frying pan for 20 minutes.\", \"Enjoy your delicious meal!\"]", 
            "servings": 9, 
            "duration": "4:26:00", 
            "image_url": "www.example.com/image.png"
        }, 
        "model": "main.recipe", 
        "pk": 24
    }, 
    {
        "fields": {
            "amount": "85 cup", 
            "recipe": 25, 
            "ingredient": 4053
        }, 
        "model": "main.recipeingredient", 
        "pk": 85
    }, 
    {
        "fields": {
            "amount": "86 cup", 
            "recipe": 25, 
            "ingredient": 4053
        }, 
        "model": "main.recipeingredient", 
        "pk": 86
    }, 
    {
        "fields": {
            "amount": "87 cup", 
            "recipe": 25, 
            "ingredient": 4053
        }, 
        "model": "main.recipeingredient", 
        "pk": 87
    }, 
    {
        "fields": {
            "amount": "88 cup", 
            "recipe": 25, 
            "ingredient": 4053
        }, 
        "model": "main.recipeingredient", 
        "pk": 88
    }, 
    {
        "fields": {
            "amount": "89 cup", 
            "recipe": 25, 
            "ingredient": 4053
        }, 
        "model": "main.recipeingredient", 
        "pk": 89
    }, 
    {
        "fields": {
            "description": "This is the description of recipe25. It is very tasty and simple.", 
            "creator": 9, 
            "title": "Recipe number 25", 
            "creation_time": "09:23:15", 
            "creation_date": "2016-02-02", 
            "average_rating": 3.232323232, 
            "rating_count": 18, 
            "steps": "[\"Take all the ingredients in front of you.\", \"Mix them and season with salt and pepper.\", \"Fry them in a frying pan for 20 minutes.\", \"Enjoy your delicious meal!\"]", 
            "servings": 9, 
            "duration": "4:26:00", 
            "image_url": "www.example.com/image.png"
        }, 
        "model": "main.recipe", 
        "pk": 25
    }, 
    {
        "fields": {
            "amount": "90 cup", 
            "recipe": 26, 
            "ingredient": 4053
        }, 
        "model": "main.recipeingredient", 
        "pk": 90
    }, 
    {
        "fields": {
            "amount": "91 cup", 
            "recipe": 26, 
            "ingredient": 4053
        }, 
        "model": "main.recipeingredient", 
        "pk": 91
    }, 
    {
        "fields": {
            "amount": "92 cup", 
            "recipe": 26, 
            "ingredient": 4053
        }, 
        "model": "main.recipeingredient", 
        "pk": 92
    }, 
    {
        "fields": {
            "amount": "93 cup", 
            "recipe": 26, 
            "ingredient": 4053
        }, 
        "model": "main.recipeingredient", 
        "pk": 93
    }, 
    {
        "fields": {
            "amount": "94 cup", 
            "recipe": 26, 
            "ingredient": 4053
        }, 
        "model": "main.recipeingredient", 
        "pk": 94
    }, 
    {
        "fields": {
            "description": "This is the description of recipe26. It is very tasty and simple.", 
            "creator": 9, 
            "title": "Recipe number 26", 
            "creation_time": "09:23:15", 
            "creation_date": "2016-02-02", 
            "average_rating": 3.232323232, 
            "rating_count": 27, 
            "steps": "[\"Take all the ingredients in front of you.\", \"Mix them and season with salt and pepper.\", \"Fry them in a frying pan for 20 minutes.\", \"Enjoy your delicious meal!\"]", 
            "servings": 9, 
            "duration": "4:26:00", 
            "image_url": "www.example.com/image.png"
        }, 
        "model": "main.recipe", 
        "pk": 26
    }, 
    {
        "fields": {
            "username": "user10", 
            "first_name": "", 
            "last_name": "", 
            "is_active": true, 
            "is_superuser": false, 
            "is_staff": false, 
            "last_login": "2016-11-09T18:08:23.137Z", 
            "groups": [], 
            "user_permissions": [], 
            "password": "pbkdf2_sha256$30000$qwdCTXISuS1t$CyHx8U8Q7b/JlX24lOqbUXm+n2BrwNfHVzqNL3GkWs4=", 
            "email": "user10@cookit.com", 
            "date_joined": "2016-11-09T18:08:13.734Z"
        }, 
        "model": "auth.user", 
        "pk": 10
    }, 
    {
        "fields": {
            "favourite_recipes": [
                1, 
                2, 
                3, 
                4, 
                5, 
                6, 
                7, 
                8, 
                9
            ], 
            "favourite_users": [
                1, 
                2, 
                3, 
                4, 
                5, 
                6, 
                7, 
                8, 
                9
            ], 
            "user": 10
        }, 
        "model": "main.useraccount", 
        "pk": 10
    }, 
    {
        "fields": {
            "infinite": false, 
            "amount": "910g", 
            "user_account": 10, 
            "ingredient": 1026
        }, 
        "model": "main.useringredient", 
        "pk": 91
    }, 
    {
        "fields": {
            "infinite": false, 
            "amount": "920g", 
            "user_account": 10, 
            "ingredient": 1026
        }, 
        "model": "main.useringredient", 
        "pk": 92
    }, 
    {
        "fields": {
            "infinite": false, 
            "amount": "930g", 
            "user_account": 10, 
            "ingredient": 1026
        }, 
        "model": "main.useringredient", 
        "pk": 93
    }, 
    {
        "fields": {
            "infinite": false, 
            "amount": "940g", 
            "user_account": 10, 
            "ingredient": 1026
        }, 
        "model": "main.useringredient", 
        "pk": 94
    }, 
    {
        "fields": {
            "infinite": false, 
            "amount": "950g", 
            "user_account": 10, 
            "ingredient": 1026
        }, 
        "model": "main.useringredient", 
        "pk": 95
    }, 
    {
        "fields": {
            "infinite": false, 
            "amount": "960g", 
            "user_account": 10, 
            "ingredient": 1026
        }, 
        "model": "main.useringredient", 
        "pk": 96
    }, 
    {
        "fields": {
            "infinite": false, 
            "amount": "970g", 
            "user_account": 10, 
            "ingredient": 1026
        }, 
        "model": "main.useringredient", 
        "pk": 97
    }, 
    {
        "fields": {
            "infinite": false, 
            "amount": "980g", 
            "user_account": 10, 
            "ingredient": 1026
        }, 
        "model": "main.useringredient", 
        "pk": 98
    }, 
    {
        "fields": {
            "cooking_time": "09:23:15", 
            "cooking_date": "2016-02-02", 
            "recipe": "27", 
            "serving_count": "99", 
            "user_account": 10
        }, 
        "model": "main.cookedrecipe", 
        "pk": 98
    }, 
    {
        "fields": {
            "cooking_time": "09:23:15", 
            "cooking_date": "2016-02-02", 
            "recipe": "28", 
            "serving_count": "99", 
            "user_account": 10
        }, 
        "model": "main.cookedrecipe", 
        "pk": 98
    }, 
    {
        "fields": {
            "cooking_time": "09:23:15", 
            "cooking_date": "2016-02-02", 
            "recipe": "29", 
            "serving_count": "99", 
            "user_account": 10
        }, 
        "model": "main.cookedrecipe", 
        "pk": 98
    }, 
    {
        "fields": {
            "amount": "90 cup", 
            "recipe": 27, 
            "ingredient": 4053
        }, 
        "model": "main.recipeingredient", 
        "pk": 90
    }, 
    {
        "fields": {
            "amount": "91 cup", 
            "recipe": 27, 
            "ingredient": 4053
        }, 
        "model": "main.recipeingredient", 
        "pk": 91
    }, 
    {
        "fields": {
            "amount": "92 cup", 
            "recipe": 27, 
            "ingredient": 4053
        }, 
        "model": "main.recipeingredient", 
        "pk": 92
    }, 
    {
        "fields": {
            "amount": "93 cup", 
            "recipe": 27, 
            "ingredient": 4053
        }, 
        "model": "main.recipeingredient", 
        "pk": 93
    }, 
    {
        "fields": {
            "amount": "94 cup", 
            "recipe": 27, 
            "ingredient": 4053
        }, 
        "model": "main.recipeingredient", 
        "pk": 94
    }, 
    {
        "fields": {
            "description": "This is the description of recipe27. It is very tasty and simple.", 
            "creator": 10, 
            "title": "Recipe number 27", 
            "creation_time": "09:23:15", 
            "creation_date": "2016-02-02", 
            "average_rating": 3.232323232, 
            "rating_count": 10, 
            "steps": "[\"Take all the ingredients in front of you.\", \"Mix them and season with salt and pepper.\", \"Fry them in a frying pan for 20 minutes.\", \"Enjoy your delicious meal!\"]", 
            "servings": 10, 
            "duration": "1:27:00", 
            "image_url": "www.example.com/image.png"
        }, 
        "model": "main.recipe", 
        "pk": 27
    }, 
    {
        "fields": {
            "amount": "95 cup", 
            "recipe": 28, 
            "ingredient": 4053
        }, 
        "model": "main.recipeingredient", 
        "pk": 95
    }, 
    {
        "fields": {
            "amount": "96 cup", 
            "recipe": 28, 
            "ingredient": 4053
        }, 
        "model": "main.recipeingredient", 
        "pk": 96
    }, 
    {
        "fields": {
            "amount": "97 cup", 
            "recipe": 28, 
            "ingredient": 4053
        }, 
        "model": "main.recipeingredient", 
        "pk": 97
    }, 
    {
        "fields": {
            "amount": "98 cup", 
            "recipe": 28, 
            "ingredient": 4053
        }, 
        "model": "main.recipeingredient", 
        "pk": 98
    }, 
    {
        "fields": {
            "amount": "99 cup", 
            "recipe": 28, 
            "ingredient": 4053
        }, 
        "model": "main.recipeingredient", 
        "pk": 99
    }, 
    {
        "fields": {
            "description": "This is the description of recipe28. It is very tasty and simple.", 
            "creator": 10, 
            "title": "Recipe number 28", 
            "creation_time": "09:23:15", 
            "creation_date": "2016-02-02", 
            "average_rating": 3.232323232, 
            "rating_count": 20, 
            "steps": "[\"Take all the ingredients in front of you.\", \"Mix them and season with salt and pepper.\", \"Fry them in a frying pan for 20 minutes.\", \"Enjoy your delicious meal!\"]", 
            "servings": 10, 
            "duration": "1:27:00", 
            "image_url": "www.example.com/image.png"
        }, 
        "model": "main.recipe", 
        "pk": 28
    }, 
    {
        "fields": {
            "amount": "100 cup", 
            "recipe": 29, 
            "ingredient": 4053
        }, 
        "model": "main.recipeingredient", 
        "pk": 100
    }, 
    {
        "fields": {
            "amount": "101 cup", 
            "recipe": 29, 
            "ingredient": 4053
        }, 
        "model": "main.recipeingredient", 
        "pk": 101
    }, 
    {
        "fields": {
            "amount": "102 cup", 
            "recipe": 29, 
            "ingredient": 4053
        }, 
        "model": "main.recipeingredient", 
        "pk": 102
    }, 
    {
        "fields": {
            "amount": "103 cup", 
            "recipe": 29, 
            "ingredient": 4053
        }, 
        "model": "main.recipeingredient", 
        "pk": 103
    }, 
    {
        "fields": {
            "amount": "104 cup", 
            "recipe": 29, 
            "ingredient": 4053
        }, 
        "model": "main.recipeingredient", 
        "pk": 104
    }, 
    {
        "fields": {
            "description": "This is the description of recipe29. It is very tasty and simple.", 
            "creator": 10, 
            "title": "Recipe number 29", 
            "creation_time": "09:23:15", 
            "creation_date": "2016-02-02", 
            "average_rating": 3.232323232, 
            "rating_count": 30, 
            "steps": "[\"Take all the ingredients in front of you.\", \"Mix them and season with salt and pepper.\", \"Fry them in a frying pan for 20 minutes.\", \"Enjoy your delicious meal!\"]", 
            "servings": 10, 
            "duration": "1:27:00", 
            "image_url": "www.example.com/image.png"
        }, 
        "model": "main.recipe", 
        "pk": 29
    }
]