[
    {
        "fields": {
            "username": "user1", 
            "first_name": "", 
            "last_name": "", 
            "is_active": true, 
            "is_superuser": true, 
            "is_staff": true, 
            "last_login": "2016-11-09T18:08:23.137Z", 
            "groups": [], 
            "user_permissions": [], 
            "password": "pbkdf2_sha256$30000$qwdCTXISuS1t$CyHx8U8Q7b/JlX24lOqbUXm+n2BrwNfHVzqNL3GkWs4=", 
            "email": "user1@cookit.com", 
            "date_joined": "2016-11-09T18:08:13.734Z"
        }, 
        "model": "auth.user", 
        "pk": 1
    }, 
    {
        "fields": {
            "favourite_recipes": [], 
            "favourite_users": [], 
            "description": "Internationally renowned, multi-Michelin starred chef Gordon Ramsay has opened a string of successful restaurants across the globe, from the UK and France to Singapore and Hong Kong, to the United States. Gordon has also become a star of the small screen both in the UK and internationally, with shows such as Kitchen Nightmares, Hell's Kitchen, Hotel Hell and MasterChef US.", 
            "user": 1
        }, 
        "model": "main.useraccount", 
        "pk": 1
    }, 
    {
        "fields": {
            "image": "userimages/3.jpg", 
            "user_account": 1
        }, 
        "model": "main.userimage", 
        "pk": 1
    }, 
    {
        "fields": {
            "infinite": false, 
            "amount": 15, 
            "user_account": 1, 
            "ingredient": 1001
        }, 
        "model": "main.useringredient", 
        "pk": 1001
    }, 
    {
        "fields": {
            "infinite": false, 
            "amount": 10, 
            "user_account": 1, 
            "ingredient": 93778
        }, 
        "model": "main.useringredient", 
        "pk": 93778
    }, 
    {
        "fields": {
            "infinite": false, 
            "amount": 12, 
            "user_account": 1, 
            "ingredient": 1034053
        }, 
        "model": "main.useringredient", 
        "pk": 1034053
    }, 
    {
        "fields": {
            "infinite": false, 
            "amount": 9, 
            "user_account": 1, 
            "ingredient": 1002014
        }, 
        "model": "main.useringredient", 
        "pk": 1002014
    }, 
    {
        "fields": {
            "infinite": false, 
            "amount": 10, 
            "user_account": 1, 
            "ingredient": 11529
        }, 
        "model": "main.useringredient", 
        "pk": 11529
    }, 
    {
        "fields": {
            "infinite": false, 
            "amount": 13, 
            "user_account": 1, 
            "ingredient": 11165
        }, 
        "model": "main.useringredient", 
        "pk": 11165
    }, 
    {
        "fields": {
            "infinite": false, 
            "amount": 18, 
            "user_account": 1, 
            "ingredient": 1012047
        }, 
        "model": "main.useringredient", 
        "pk": 1012047
    }, 
    {
        "fields": {
            "infinite": false, 
            "amount": 13, 
            "user_account": 1, 
            "ingredient": 10511282
        }, 
        "model": "main.useringredient", 
        "pk": 10511282
    }, 
    {
        "fields": {
            "infinite": false, 
            "amount": 19, 
            "user_account": 1, 
            "ingredient": 93790
        }, 
        "model": "main.useringredient", 
        "pk": 93790
    }, 
    {
        "fields": {
            "infinite": false, 
            "amount": 12, 
            "user_account": 1, 
            "ingredient": 2004
        }, 
        "model": "main.useringredient", 
        "pk": 2004
    }, 
    {
        "fields": {
            "infinite": false, 
            "amount": 10, 
            "user_account": 1, 
            "ingredient": 1001
        }, 
        "model": "main.useringredient", 
        "pk": 1001
    }, 
    {
        "fields": {
            "infinite": false, 
            "amount": 19, 
            "user_account": 1, 
            "ingredient": 4053
        }, 
        "model": "main.useringredient", 
        "pk": 4053
    }, 
    {
        "fields": {
            "infinite": false, 
            "amount": 10, 
            "user_account": 1, 
            "ingredient": 93677
        }, 
        "model": "main.useringredient", 
        "pk": 93677
    }, 
    {
        "fields": {
            "infinite": false, 
            "amount": 11, 
            "user_account": 1, 
            "ingredient": 2038
        }, 
        "model": "main.useringredient", 
        "pk": 2038
    }, 
    {
        "fields": {
            "infinite": false, 
            "amount": 18, 
            "user_account": 1, 
            "ingredient": 10220445
        }, 
        "model": "main.useringredient", 
        "pk": 10220445
    }, 
    {
        "fields": {
            "infinite": false, 
            "amount": 20, 
            "user_account": 1, 
            "ingredient": 19165
        }, 
        "model": "main.useringredient", 
        "pk": 19165
    }, 
    {
        "fields": {
            "infinite": false, 
            "amount": 9, 
            "user_account": 1, 
            "ingredient": 10611282
        }, 
        "model": "main.useringredient", 
        "pk": 10611282
    }, 
    {
        "fields": {
            "infinite": false, 
            "amount": 13, 
            "user_account": 1, 
            "ingredient": 11209
        }, 
        "model": "main.useringredient", 
        "pk": 11209
    }, 
    {
        "fields": {
            "infinite": false, 
            "amount": 4, 
            "user_account": 1, 
            "ingredient": 20081
        }, 
        "model": "main.useringredient", 
        "pk": 20081
    }, 
    {
        "fields": {
            "infinite": false, 
            "amount": 18, 
            "user_account": 1, 
            "ingredient": 11215
        }, 
        "model": "main.useringredient", 
        "pk": 11215
    }, 
    {
        "fields": {
            "infinite": false, 
            "amount": 19, 
            "user_account": 1, 
            "ingredient": 1009054
        }, 
        "model": "main.useringredient", 
        "pk": 1009054
    }, 
    {
        "fields": {
            "infinite": false, 
            "amount": 19, 
            "user_account": 1, 
            "ingredient": 18371
        }, 
        "model": "main.useringredient", 
        "pk": 18371
    }, 
    {
        "fields": {
            "amount": 5, 
            "recipe": 1, 
            "ingredient": 9037
        }, 
        "model": "main.recipeingredient", 
        "pk": 9037
    }, 
    {
        "fields": {
            "amount": 20, 
            "recipe": 1, 
            "ingredient": 2054
        }, 
        "model": "main.recipeingredient", 
        "pk": 2054
    }, 
    {
        "fields": {
            "amount": 8, 
            "recipe": 1, 
            "ingredient": 11677
        }, 
        "model": "main.recipeingredient", 
        "pk": 11677
    }, 
    {
        "fields": {
            "amount": 20, 
            "recipe": 1, 
            "ingredient": 11529
        }, 
        "model": "main.recipeingredient", 
        "pk": 11529
    }, 
    {
        "fields": {
            "description": "This is one of my all-time favourite recipes. I just love The Best Parmesan Chicken Bake on weekends!", 
            "creator": 1, 
            "title": "The Best Parmesan Chicken Bake", 
            "creation_time": "09:23:15", 
            "creation_date": "2016-02-02", 
            "average_rating": 4.23, 
            "rating_count": 1, 
            "steps": "[\"Take all the ingredients in front of you.\", \"Mix them and season with salt and pepper.\", \"Mash the ingredients into a paste. Add some water if it gets too thick\"]", 
            "servings": 1, 
            "duration": "3:36:00"
        }, 
        "model": "main.recipe", 
        "pk": 1
    }, 
    {
        "fields": {
            "image": "recipeimages/9.jpg", 
            "recipe": 1
        }, 
        "model": "main.recipeimage", 
        "pk": 5
    }, 
    {
        "fields": {
            "amount": 11, 
            "recipe": 2, 
            "ingredient": 1026
        }, 
        "model": "main.recipeingredient", 
        "pk": 1030
    }, 
    {
        "fields": {
            "amount": 8, 
            "recipe": 2, 
            "ingredient": 11216
        }, 
        "model": "main.recipeingredient", 
        "pk": 11220
    }, 
    {
        "fields": {
            "amount": 5, 
            "recipe": 2, 
            "ingredient": 19334
        }, 
        "model": "main.recipeingredient", 
        "pk": 19338
    }, 
    {
        "fields": {
            "amount": 2, 
            "recipe": 2, 
            "ingredient": 4053
        }, 
        "model": "main.recipeingredient", 
        "pk": 4057
    }, 
    {
        "fields": {
            "amount": 15, 
            "recipe": 2, 
            "ingredient": 20081
        }, 
        "model": "main.recipeingredient", 
        "pk": 20085
    }, 
    {
        "fields": {
            "amount": 4, 
            "recipe": 2, 
            "ingredient": 20081
        }, 
        "model": "main.recipeingredient", 
        "pk": 20085
    }, 
    {
        "fields": {
            "description": "This is one of my all-time favourite recipes. I just love Zesty Apple Salad on weekends!", 
            "creator": 1, 
            "title": "Zesty Apple Salad", 
            "creation_time": "09:23:15", 
            "creation_date": "2016-02-02", 
            "average_rating": 3.23, 
            "rating_count": 2, 
            "steps": "[\"Take all the ingredients in front of you.\", \"Mix them and season with salt and pepper.\", \"Mash the ingredients into a paste. Add some water if it gets too thick\"]", 
            "servings": 1, 
            "duration": "3:36:00"
        }, 
        "model": "main.recipe", 
        "pk": 2
    }, 
    {
        "fields": {
            "image": "recipeimages/5.jpg", 
            "recipe": 2
        }, 
        "model": "main.recipeimage", 
        "pk": 10
    }, 
    {
        "fields": {
            "image": "recipeimages/1.jpg", 
            "recipe": 2
        }, 
        "model": "main.recipeimage", 
        "pk": 11
    }, 
    {
        "fields": {
            "image": "recipeimages/9.jpg", 
            "recipe": 2
        }, 
        "model": "main.recipeimage", 
        "pk": 12
    }, 
    {
        "fields": {
            "image": "recipeimages/2.jpg", 
            "recipe": 2
        }, 
        "model": "main.recipeimage", 
        "pk": 13
    }, 
    {
        "fields": {
            "image": "recipeimages/10.jpg", 
            "recipe": 2
        }, 
        "model": "main.recipeimage", 
        "pk": 14
    }, 
    {
        "fields": {
            "amount": 14, 
            "recipe": 3, 
            "ingredient": 6164
        }, 
        "model": "main.recipeingredient", 
        "pk": 6172
    }, 
    {
        "fields": {
            "amount": 6, 
            "recipe": 3, 
            "ingredient": 5348
        }, 
        "model": "main.recipeingredient", 
        "pk": 5356
    }, 
    {
        "fields": {
            "amount": 16, 
            "recipe": 3, 
            "ingredient": 10123
        }, 
        "model": "main.recipeingredient", 
        "pk": 10131
    }, 
    {
        "fields": {
            "description": "This is one of my all-time favourite recipes. I just love Shrimp Scampi on weekends!", 
            "creator": 1, 
            "title": "Shrimp Scampi", 
            "creation_time": "09:23:15", 
            "creation_date": "2016-02-02", 
            "average_rating": 2.23, 
            "rating_count": 3, 
            "steps": "[\"Take all the ingredients in front of you.\", \"Mix them and season with salt and pepper.\", \"Mash the ingredients into a paste. Add some water if it gets too thick\"]", 
            "servings": 1, 
            "duration": "3:36:00"
        }, 
        "model": "main.recipe", 
        "pk": 3
    }, 
    {
        "fields": {
            "username": "user2", 
            "first_name": "", 
            "last_name": "", 
            "is_active": true, 
            "is_superuser": false, 
            "is_staff": false, 
            "last_login": "2016-11-09T18:08:23.137Z", 
            "groups": [], 
            "user_permissions": [], 
            "password": "pbkdf2_sha256$30000$qwdCTXISuS1t$CyHx8U8Q7b/JlX24lOqbUXm+n2BrwNfHVzqNL3GkWs4=", 
            "email": "user2@cookit.com", 
            "date_joined": "2016-11-09T18:08:13.734Z"
        }, 
        "model": "auth.user", 
        "pk": 2
    }, 
    {
        "fields": {
            "favourite_recipes": [
                1
            ], 
            "favourite_users": [
                1
            ], 
            "description": "Internationally renowned, multi-Michelin starred chef Gordon Ramsay has opened a string of successful restaurants across the globe, from the UK and France to Singapore and Hong Kong, to the United States. Gordon has also become a star of the small screen both in the UK and internationally, with shows such as Kitchen Nightmares, Hell's Kitchen, Hotel Hell and MasterChef US.", 
            "user": 2
        }, 
        "model": "main.useraccount", 
        "pk": 2
    }, 
    {
        "fields": {
            "image": "userimages/3.jpg", 
            "user_account": 2
        }, 
        "model": "main.userimage", 
        "pk": 2
    }, 
    {
        "fields": {
            "infinite": false, 
            "amount": 10, 
            "user_account": 2, 
            "ingredient": 10012220
        }, 
        "model": "main.useringredient", 
        "pk": 10012250
    }, 
    {
        "fields": {
            "infinite": false, 
            "amount": 11, 
            "user_account": 2, 
            "ingredient": 1036
        }, 
        "model": "main.useringredient", 
        "pk": 1066
    }, 
    {
        "fields": {
            "infinite": false, 
            "amount": 13, 
            "user_account": 2, 
            "ingredient": 10220445
        }, 
        "model": "main.useringredient", 
        "pk": 10220475
    }, 
    {
        "fields": {
            "infinite": false, 
            "amount": 13, 
            "user_account": 2, 
            "ingredient": 1009054
        }, 
        "model": "main.useringredient", 
        "pk": 1009084
    }, 
    {
        "fields": {
            "infinite": false, 
            "amount": 6, 
            "user_account": 2, 
            "ingredient": 11215
        }, 
        "model": "main.useringredient", 
        "pk": 11245
    }, 
    {
        "fields": {
            "infinite": false, 
            "amount": 20, 
            "user_account": 2, 
            "ingredient": 4025
        }, 
        "model": "main.useringredient", 
        "pk": 4055
    }, 
    {
        "fields": {
            "infinite": false, 
            "amount": 17, 
            "user_account": 2, 
            "ingredient": 1082047
        }, 
        "model": "main.useringredient", 
        "pk": 1082077
    }, 
    {
        "fields": {
            "infinite": false, 
            "amount": 8, 
            "user_account": 2, 
            "ingredient": 1055062
        }, 
        "model": "main.useringredient", 
        "pk": 1055092
    }, 
    {
        "fields": {
            "infinite": false, 
            "amount": 4, 
            "user_account": 2, 
            "ingredient": 1082047
        }, 
        "model": "main.useringredient", 
        "pk": 1082077
    }, 
    {
        "fields": {
            "infinite": false, 
            "amount": 5, 
            "user_account": 2, 
            "ingredient": 11282
        }, 
        "model": "main.useringredient", 
        "pk": 11312
    }, 
    {
        "fields": {
            "infinite": false, 
            "amount": 15, 
            "user_account": 2, 
            "ingredient": 10123
        }, 
        "model": "main.useringredient", 
        "pk": 10153
    }, 
    {
        "fields": {
            "infinite": false, 
            "amount": 9, 
            "user_account": 2, 
            "ingredient": 1145
        }, 
        "model": "main.useringredient", 
        "pk": 1175
    }, 
    {
        "fields": {
            "infinite": false, 
            "amount": 14, 
            "user_account": 2, 
            "ingredient": 11165
        }, 
        "model": "main.useringredient", 
        "pk": 11195
    }, 
    {
        "fields": {
            "infinite": false, 
            "amount": 12, 
            "user_account": 2, 
            "ingredient": 4047
        }, 
        "model": "main.useringredient", 
        "pk": 4077
    }, 
    {
        "fields": {
            "infinite": false, 
            "amount": 15, 
            "user_account": 2, 
            "ingredient": 9316
        }, 
        "model": "main.useringredient", 
        "pk": 9346
    }, 
    {
        "fields": {
            "infinite": false, 
            "amount": 6, 
            "user_account": 2, 
            "ingredient": 11165
        }, 
        "model": "main.useringredient", 
        "pk": 11195
    }, 
    {
        "fields": {
            "infinite": false, 
            "amount": 13, 
            "user_account": 2, 
            "ingredient": 1017
        }, 
        "model": "main.useringredient", 
        "pk": 1047
    }, 
    {
        "fields": {
            "amount": 17, 
            "recipe": 4, 
            "ingredient": 10220445
        }, 
        "model": "main.recipeingredient", 
        "pk": 10220479
    }, 
    {
        "fields": {
            "amount": 20, 
            "recipe": 4, 
            "ingredient": 1002030
        }, 
        "model": "main.recipeingredient", 
        "pk": 1002064
    }, 
    {
        "fields": {
            "amount": 15, 
            "recipe": 4, 
            "ingredient": 9003
        }, 
        "model": "main.recipeingredient", 
        "pk": 9037
    }, 
    {
        "fields": {
            "description": "This is one of my all-time favourite recipes. I just love Zesty Apple Salad on weekends!", 
            "creator": 2, 
            "title": "Zesty Apple Salad", 
            "creation_time": "09:23:15", 
            "creation_date": "2016-02-02", 
            "average_rating": 3.23, 
            "rating_count": 2, 
            "steps": "[\"Bake in preheated oven for 25 minutes. Uncover and sprinkle with cilantro and 1/4 cup Cheddar cheese. Bake until cheese is melted, 2 to 3 minutes.\", \"Put it in the oven for 30 minutes.Add some vinegar\", \"Spoon a rounded 1/2 cup bean mixture down the center of each tortilla. Fold sides over filling and roll up. Place enchiladas seam side down in baking dish; spoon salsa over each tortilla. Cover baking dish with aluminum foil.\"]", 
            "servings": 2, 
            "duration": "0:56:00"
        }, 
        "model": "main.recipe", 
        "pk": 4
    }, 
    {
        "fields": {
            "image": "recipeimages/1.jpg", 
            "recipe": 4
        }, 
        "model": "main.recipeimage", 
        "pk": 20
    }, 
    {
        "fields": {
            "image": "recipeimages/1.jpg", 
            "recipe": 4
        }, 
        "model": "main.recipeimage", 
        "pk": 21
    }, 
    {
        "fields": {
            "image": "recipeimages/7.jpg", 
            "recipe": 4
        }, 
        "model": "main.recipeimage", 
        "pk": 22
    }, 
    {
        "fields": {
            "image": "recipeimages/9.jpg", 
            "recipe": 4
        }, 
        "model": "main.recipeimage", 
        "pk": 23
    }, 
    {
        "fields": {
            "amount": 20, 
            "recipe": 5, 
            "ingredient": 2054
        }, 
        "model": "main.recipeingredient", 
        "pk": 2092
    }, 
    {
        "fields": {
            "amount": 4, 
            "recipe": 5, 
            "ingredient": 11282
        }, 
        "model": "main.recipeingredient", 
        "pk": 11320
    }, 
    {
        "fields": {
            "amount": 16, 
            "recipe": 5, 
            "ingredient": 2050
        }, 
        "model": "main.recipeingredient", 
        "pk": 2088
    }, 
    {
        "fields": {
            "amount": 13, 
            "recipe": 5, 
            "ingredient": 6150
        }, 
        "model": "main.recipeingredient", 
        "pk": 6188
    }, 
    {
        "fields": {
            "amount": 5, 
            "recipe": 5, 
            "ingredient": 19335
        }, 
        "model": "main.recipeingredient", 
        "pk": 19373
    }, 
    {
        "fields": {
            "amount": 12, 
            "recipe": 5, 
            "ingredient": 1002068
        }, 
        "model": "main.recipeingredient", 
        "pk": 1002106
    }, 
    {
        "fields": {
            "description": "This is one of my all-time favourite recipes. I just love French Veggie Loaf on weekends!", 
            "creator": 2, 
            "title": "French Veggie Loaf", 
            "creation_time": "09:23:15", 
            "creation_date": "2016-02-02", 
            "average_rating": 1.23, 
            "rating_count": 4, 
            "steps": "[\"Bake in preheated oven for 25 minutes. Uncover and sprinkle with cilantro and 1/4 cup Cheddar cheese. Bake until cheese is melted, 2 to 3 minutes.\", \"Put it in the oven for 30 minutes.Add some vinegar\", \"Spoon a rounded 1/2 cup bean mixture down the center of each tortilla. Fold sides over filling and roll up. Place enchiladas seam side down in baking dish; spoon salsa over each tortilla. Cover baking dish with aluminum foil.\"]", 
            "servings": 2, 
            "duration": "0:56:00"
        }, 
        "model": "main.recipe", 
        "pk": 5
    }, 
    {
        "fields": {
            "image": "recipeimages/4.jpg", 
            "recipe": 5
        }, 
        "model": "main.recipeimage", 
        "pk": 25
    }, 
    {
        "fields": {
            "image": "recipeimages/2.jpg", 
            "recipe": 5
        }, 
        "model": "main.recipeimage", 
        "pk": 26
    }, 
    {
        "fields": {
            "image": "recipeimages/4.jpg", 
            "recipe": 5
        }, 
        "model": "main.recipeimage", 
        "pk": 27
    }, 
    {
        "fields": {
            "image": "recipeimages/9.jpg", 
            "recipe": 5
        }, 
        "model": "main.recipeimage", 
        "pk": 28
    }, 
    {
        "fields": {
            "amount": 3, 
            "recipe": 6, 
            "ingredient": 20420
        }, 
        "model": "main.recipeingredient", 
        "pk": 20462
    }, 
    {
        "fields": {
            "amount": 16, 
            "recipe": 6, 
            "ingredient": 5096
        }, 
        "model": "main.recipeingredient", 
        "pk": 5138
    }, 
    {
        "fields": {
            "amount": 14, 
            "recipe": 6, 
            "ingredient": 11353
        }, 
        "model": "main.recipeingredient", 
        "pk": 11395
    }, 
    {
        "fields": {
            "description": "This is one of my all-time favourite recipes. I just love French Veggie Loaf on weekends!", 
            "creator": 2, 
            "title": "French Veggie Loaf", 
            "creation_time": "09:23:15", 
            "creation_date": "2016-02-02", 
            "average_rating": 3.23, 
            "rating_count": 6, 
            "steps": "[\"Bake in preheated oven for 25 minutes. Uncover and sprinkle with cilantro and 1/4 cup Cheddar cheese. Bake until cheese is melted, 2 to 3 minutes.\", \"Put it in the oven for 30 minutes.Add some vinegar\", \"Spoon a rounded 1/2 cup bean mixture down the center of each tortilla. Fold sides over filling and roll up. Place enchiladas seam side down in baking dish; spoon salsa over each tortilla. Cover baking dish with aluminum foil.\"]", 
            "servings": 2, 
            "duration": "0:56:00"
        }, 
        "model": "main.recipe", 
        "pk": 6
    }, 
    {
        "fields": {
            "image": "recipeimages/8.jpg", 
            "recipe": 6
        }, 
        "model": "main.recipeimage", 
        "pk": 30
    }, 
    {
        "fields": {
            "username": "user3", 
            "first_name": "", 
            "last_name": "", 
            "is_active": true, 
            "is_superuser": false, 
            "is_staff": false, 
            "last_login": "2016-11-09T18:08:23.137Z", 
            "groups": [], 
            "user_permissions": [], 
            "password": "pbkdf2_sha256$30000$qwdCTXISuS1t$CyHx8U8Q7b/JlX24lOqbUXm+n2BrwNfHVzqNL3GkWs4=", 
            "email": "user3@cookit.com", 
            "date_joined": "2016-11-09T18:08:13.734Z"
        }, 
        "model": "auth.user", 
        "pk": 3
    }, 
    {
        "fields": {
            "favourite_recipes": [
                1, 
                2
            ], 
            "favourite_users": [
                1, 
                2
            ], 
            "description": "Internationally renowned, multi-Michelin starred chef Gordon Ramsay has opened a string of successful restaurants across the globe, from the UK and France to Singapore and Hong Kong, to the United States. Gordon has also become a star of the small screen both in the UK and internationally, with shows such as Kitchen Nightmares, Hell's Kitchen, Hotel Hell and MasterChef US.", 
            "user": 3
        }, 
        "model": "main.useraccount", 
        "pk": 3
    }, 
    {
        "fields": {
            "image": "userimages/3.jpg", 
            "user_account": 3
        }, 
        "model": "main.userimage", 
        "pk": 3
    }, 
    {
        "fields": {
            "infinite": false, 
            "amount": 10, 
            "user_account": 3, 
            "ingredient": 19335
        }, 
        "model": "main.useringredient", 
        "pk": 19395
    }, 
    {
        "fields": {
            "infinite": false, 
            "amount": 5, 
            "user_account": 3, 
            "ingredient": 19095
        }, 
        "model": "main.useringredient", 
        "pk": 19155
    }, 
    {
        "fields": {
            "infinite": false, 
            "amount": 11, 
            "user_account": 3, 
            "ingredient": 1022020
        }, 
        "model": "main.useringredient", 
        "pk": 1022080
    }, 
    {
        "fields": {
            "infinite": false, 
            "amount": 10, 
            "user_account": 3, 
            "ingredient": 5348
        }, 
        "model": "main.useringredient", 
        "pk": 5408
    }, 
    {
        "fields": {
            "infinite": false, 
            "amount": 11, 
            "user_account": 3, 
            "ingredient": 10111251
        }, 
        "model": "main.useringredient", 
        "pk": 10111311
    }, 
    {
        "fields": {
            "infinite": false, 
            "amount": 13, 
            "user_account": 3, 
            "ingredient": 1082047
        }, 
        "model": "main.useringredient", 
        "pk": 1082107
    }, 
    {
        "fields": {
            "amount": 8, 
            "recipe": 7, 
            "ingredient": 11529
        }, 
        "model": "main.recipeingredient", 
        "pk": 11597
    }, 
    {
        "fields": {
            "amount": 17, 
            "recipe": 7, 
            "ingredient": 2050
        }, 
        "model": "main.recipeingredient", 
        "pk": 2118
    }, 
    {
        "fields": {
            "amount": 17, 
            "recipe": 7, 
            "ingredient": 1009054
        }, 
        "model": "main.recipeingredient", 
        "pk": 1009122
    }, 
    {
        "fields": {
            "amount": 10, 
            "recipe": 7, 
            "ingredient": 98849
        }, 
        "model": "main.recipeingredient", 
        "pk": 98917
    }, 
    {
        "fields": {
            "description": "This is one of my all-time favourite recipes. I just love Vegetarian Bibimbap on weekends!", 
            "creator": 3, 
            "title": "Vegetarian Bibimbap", 
            "creation_time": "09:23:15", 
            "creation_date": "2016-02-02", 
            "average_rating": 2.23, 
            "rating_count": 3, 
            "steps": "[\"Take all the ingredients in front of you.\", \"Heat sesame oil in a large skillet over medium heat; cook and stir carrot and zucchini in the hot oil until vegetables begin to soften, about 5 minutes. Stir in bean sprouts, bamboo shoots, and mushrooms. Cook and stir until carrots are tender, about 5 more minutes. Season to taste with salt and set vegetables aside.\", \"Boil the eggs for 8-9 minutes. Make sure not to boil them for any longer!\"]", 
            "servings": 3, 
            "duration": "2:50:00"
        }, 
        "model": "main.recipe", 
        "pk": 7
    }, 
    {
        "fields": {
            "amount": 11, 
            "recipe": 8, 
            "ingredient": 6194
        }, 
        "model": "main.recipeingredient", 
        "pk": 6266
    }, 
    {
        "fields": {
            "amount": 5, 
            "recipe": 8, 
            "ingredient": 1002030
        }, 
        "model": "main.recipeingredient", 
        "pk": 1002102
    }, 
    {
        "fields": {
            "amount": 9, 
            "recipe": 8, 
            "ingredient": 42135
        }, 
        "model": "main.recipeingredient", 
        "pk": 42207
    }, 
    {
        "fields": {
            "description": "This is one of my all-time favourite recipes. I just love Slow Cooker Belgian Chicken Booyah on weekends!", 
            "creator": 3, 
            "title": "Slow Cooker Belgian Chicken Booyah", 
            "creation_time": "09:23:15", 
            "creation_date": "2016-02-02", 
            "average_rating": 4.23, 
            "rating_count": 6, 
            "steps": "[\"Take all the ingredients in front of you.\", \"Heat sesame oil in a large skillet over medium heat; cook and stir carrot and zucchini in the hot oil until vegetables begin to soften, about 5 minutes. Stir in bean sprouts, bamboo shoots, and mushrooms. Cook and stir until carrots are tender, about 5 more minutes. Season to taste with salt and set vegetables aside.\", \"Boil the eggs for 8-9 minutes. Make sure not to boil them for any longer!\"]", 
            "servings": 3, 
            "duration": "2:50:00"
        }, 
        "model": "main.recipe", 
        "pk": 8
    }, 
    {
        "fields": {
            "image": "recipeimages/9.jpg", 
            "recipe": 8
        }, 
        "model": "main.recipeimage", 
        "pk": 40
    }, 
    {
        "fields": {
            "image": "recipeimages/1.jpg", 
            "recipe": 8
        }, 
        "model": "main.recipeimage", 
        "pk": 41
    }, 
    {
        "fields": {
            "amount": 18, 
            "recipe": 9, 
            "ingredient": 10219335
        }, 
        "model": "main.recipeingredient", 
        "pk": 10219411
    }, 
    {
        "fields": {
            "amount": 8, 
            "recipe": 9, 
            "ingredient": 98859
        }, 
        "model": "main.recipeingredient", 
        "pk": 98935
    }, 
    {
        "fields": {
            "amount": 4, 
            "recipe": 9, 
            "ingredient": 6168
        }, 
        "model": "main.recipeingredient", 
        "pk": 6244
    }, 
    {
        "fields": {
            "description": "This is one of my all-time favourite recipes. I just love Skillet Pork Chops with Potatoes and Onion on weekends!", 
            "creator": 3, 
            "title": "Skillet Pork Chops with Potatoes and Onion", 
            "creation_time": "09:23:15", 
            "creation_date": "2016-02-02", 
            "average_rating": 3.23, 
            "rating_count": 9, 
            "steps": "[\"Take all the ingredients in front of you.\", \"Heat sesame oil in a large skillet over medium heat; cook and stir carrot and zucchini in the hot oil until vegetables begin to soften, about 5 minutes. Stir in bean sprouts, bamboo shoots, and mushrooms. Cook and stir until carrots are tender, about 5 more minutes. Season to taste with salt and set vegetables aside.\", \"Boil the eggs for 8-9 minutes. Make sure not to boil them for any longer!\"]", 
            "servings": 3, 
            "duration": "2:50:00"
        }, 
        "model": "main.recipe", 
        "pk": 9
    }, 
    {
        "fields": {
            "image": "recipeimages/9.jpg", 
            "recipe": 9
        }, 
        "model": "main.recipeimage", 
        "pk": 45
    }, 
    {
        "fields": {
            "image": "recipeimages/1.jpg", 
            "recipe": 9
        }, 
        "model": "main.recipeimage", 
        "pk": 46
    }, 
    {
        "fields": {
            "image": "recipeimages/10.jpg", 
            "recipe": 9
        }, 
        "model": "main.recipeimage", 
        "pk": 47
    }, 
    {
        "fields": {
            "username": "user4", 
            "first_name": "", 
            "last_name": "", 
            "is_active": true, 
            "is_superuser": false, 
            "is_staff": false, 
            "last_login": "2016-11-09T18:08:23.137Z", 
            "groups": [], 
            "user_permissions": [], 
            "password": "pbkdf2_sha256$30000$qwdCTXISuS1t$CyHx8U8Q7b/JlX24lOqbUXm+n2BrwNfHVzqNL3GkWs4=", 
            "email": "user4@cookit.com", 
            "date_joined": "2016-11-09T18:08:13.734Z"
        }, 
        "model": "auth.user", 
        "pk": 4
    }, 
    {
        "fields": {
            "favourite_recipes": [
                1, 
                2, 
                3
            ], 
            "favourite_users": [
                1, 
                2, 
                3
            ], 
            "description": "Internationally renowned, multi-Michelin starred chef Gordon Ramsay has opened a string of successful restaurants across the globe, from the UK and France to Singapore and Hong Kong, to the United States. Gordon has also become a star of the small screen both in the UK and internationally, with shows such as Kitchen Nightmares, Hell's Kitchen, Hotel Hell and MasterChef US.", 
            "user": 4
        }, 
        "model": "main.useraccount", 
        "pk": 4
    }, 
    {
        "fields": {
            "image": "userimages/5.jpg", 
            "user_account": 4
        }, 
        "model": "main.userimage", 
        "pk": 4
    }, 
    {
        "fields": {
            "infinite": false, 
            "amount": 19, 
            "user_account": 4, 
            "ingredient": 2038
        }, 
        "model": "main.useringredient", 
        "pk": 2128
    }, 
    {
        "fields": {
            "infinite": false, 
            "amount": 15, 
            "user_account": 4, 
            "ingredient": 11282
        }, 
        "model": "main.useringredient", 
        "pk": 11372
    }, 
    {
        "fields": {
            "infinite": false, 
            "amount": 6, 
            "user_account": 4, 
            "ingredient": 11282
        }, 
        "model": "main.useringredient", 
        "pk": 11372
    }, 
    {
        "fields": {
            "infinite": false, 
            "amount": 6, 
            "user_account": 4, 
            "ingredient": 19165
        }, 
        "model": "main.useringredient", 
        "pk": 19255
    }, 
    {
        "fields": {
            "infinite": false, 
            "amount": 10, 
            "user_account": 4, 
            "ingredient": 2035
        }, 
        "model": "main.useringredient", 
        "pk": 2125
    }, 
    {
        "fields": {
            "infinite": false, 
            "amount": 10, 
            "user_account": 4, 
            "ingredient": 18371
        }, 
        "model": "main.useringredient", 
        "pk": 18461
    }, 
    {
        "fields": {
            "infinite": false, 
            "amount": 19, 
            "user_account": 4, 
            "ingredient": 2013
        }, 
        "model": "main.useringredient", 
        "pk": 2103
    }, 
    {
        "fields": {
            "infinite": false, 
            "amount": 15, 
            "user_account": 4, 
            "ingredient": 5348
        }, 
        "model": "main.useringredient", 
        "pk": 5438
    }, 
    {
        "fields": {
            "infinite": false, 
            "amount": 14, 
            "user_account": 4, 
            "ingredient": 2004
        }, 
        "model": "main.useringredient", 
        "pk": 2094
    }, 
    {
        "fields": {
            "infinite": false, 
            "amount": 13, 
            "user_account": 4, 
            "ingredient": 10219335
        }, 
        "model": "main.useringredient", 
        "pk": 10219425
    }, 
    {
        "fields": {
            "infinite": false, 
            "amount": 11, 
            "user_account": 4, 
            "ingredient": 11529
        }, 
        "model": "main.useringredient", 
        "pk": 11619
    }, 
    {
        "fields": {
            "infinite": false, 
            "amount": 8, 
            "user_account": 4, 
            "ingredient": 10111251
        }, 
        "model": "main.useringredient", 
        "pk": 10111341
    }, 
    {
        "fields": {
            "amount": 6, 
            "recipe": 10, 
            "ingredient": 11641
        }, 
        "model": "main.recipeingredient", 
        "pk": 11743
    }, 
    {
        "fields": {
            "amount": 10, 
            "recipe": 10, 
            "ingredient": 11821
        }, 
        "model": "main.recipeingredient", 
        "pk": 11923
    }, 
    {
        "fields": {
            "amount": 2, 
            "recipe": 10, 
            "ingredient": 4582
        }, 
        "model": "main.recipeingredient", 
        "pk": 4684
    }, 
    {
        "fields": {
            "amount": 18, 
            "recipe": 10, 
            "ingredient": 18029
        }, 
        "model": "main.recipeingredient", 
        "pk": 18131
    }, 
    {
        "fields": {
            "amount": 14, 
            "recipe": 10, 
            "ingredient": 10020421
        }, 
        "model": "main.recipeingredient", 
        "pk": 10020523
    }, 
    {
        "fields": {
            "amount": 18, 
            "recipe": 10, 
            "ingredient": 20081
        }, 
        "model": "main.recipeingredient", 
        "pk": 20183
    }, 
    {
        "fields": {
            "description": "This is one of my all-time favourite recipes. I just love Slow Cooker Belgian Chicken Booyah on weekends!", 
            "creator": 4, 
            "title": "Slow Cooker Belgian Chicken Booyah", 
            "creation_time": "09:23:15", 
            "creation_date": "2016-02-02", 
            "average_rating": 3.23, 
            "rating_count": 4, 
            "steps": "[\"Season the ingredients with pepper.\", \"Heat sesame oil in a large skillet over medium heat; cook and stir carrot and zucchini in the hot oil until vegetables begin to soften, about 5 minutes. Stir in bean sprouts, bamboo shoots, and mushrooms. Cook and stir until carrots are tender, about 5 more minutes. Season to taste with salt and set vegetables aside.\", \"Roll the pastry in big rolls.\", \"Mix them and season with salt and pepper.\", \"Fry them in a frying pan for 20 minutes.\", \"Wash the salad and other vegetables\"]", 
            "servings": 4, 
            "duration": "0:50:00"
        }, 
        "model": "main.recipe", 
        "pk": 10
    }, 
    {
        "fields": {
            "image": "recipeimages/3.jpg", 
            "recipe": 10
        }, 
        "model": "main.recipeimage", 
        "pk": 50
    }, 
    {
        "fields": {
            "image": "recipeimages/9.jpg", 
            "recipe": 10
        }, 
        "model": "main.recipeimage", 
        "pk": 51
    }, 
    {
        "fields": {
            "amount": 5, 
            "recipe": 11, 
            "ingredient": 2047
        }, 
        "model": "main.recipeingredient", 
        "pk": 2153
    }, 
    {
        "fields": {
            "amount": 6, 
            "recipe": 11, 
            "ingredient": 2015
        }, 
        "model": "main.recipeingredient", 
        "pk": 2121
    }, 
    {
        "fields": {
            "amount": 20, 
            "recipe": 11, 
            "ingredient": 1054
        }, 
        "model": "main.recipeingredient", 
        "pk": 1160
    }, 
    {
        "fields": {
            "description": "This is one of my all-time favourite recipes. I just love Lasagna Roll Ups on weekends!", 
            "creator": 4, 
            "title": "Lasagna Roll Ups", 
            "creation_time": "09:23:15", 
            "creation_date": "2016-02-02", 
            "average_rating": 4.23, 
            "rating_count": 8, 
            "steps": "[\"Season the ingredients with pepper.\", \"Heat sesame oil in a large skillet over medium heat; cook and stir carrot and zucchini in the hot oil until vegetables begin to soften, about 5 minutes. Stir in bean sprouts, bamboo shoots, and mushrooms. Cook and stir until carrots are tender, about 5 more minutes. Season to taste with salt and set vegetables aside.\", \"Roll the pastry in big rolls.\", \"Mix them and season with salt and pepper.\", \"Fry them in a frying pan for 20 minutes.\", \"Wash the salad and other vegetables\"]", 
            "servings": 4, 
            "duration": "0:50:00"
        }, 
        "model": "main.recipe", 
        "pk": 11
    }, 
    {
        "fields": {
            "image": "recipeimages/6.jpg", 
            "recipe": 11
        }, 
        "model": "main.recipeimage", 
        "pk": 55
    }, 
    {
        "fields": {
            "image": "recipeimages/10.jpg", 
            "recipe": 11
        }, 
        "model": "main.recipeimage", 
        "pk": 56
    }, 
    {
        "fields": {
            "image": "recipeimages/4.jpg", 
            "recipe": 11
        }, 
        "model": "main.recipeimage", 
        "pk": 57
    }, 
    {
        "fields": {
            "image": "recipeimages/8.jpg", 
            "recipe": 11
        }, 
        "model": "main.recipeimage", 
        "pk": 58
    }, 
    {
        "fields": {
            "amount": 16, 
            "recipe": 12, 
            "ingredient": 19334
        }, 
        "model": "main.recipeingredient", 
        "pk": 19444
    }, 
    {
        "fields": {
            "amount": 7, 
            "recipe": 12, 
            "ingredient": 20081
        }, 
        "model": "main.recipeingredient", 
        "pk": 20191
    }, 
    {
        "fields": {
            "amount": 16, 
            "recipe": 12, 
            "ingredient": 2053
        }, 
        "model": "main.recipeingredient", 
        "pk": 2163
    }, 
    {
        "fields": {
            "amount": 18, 
            "recipe": 12, 
            "ingredient": 2044
        }, 
        "model": "main.recipeingredient", 
        "pk": 2154
    }, 
    {
        "fields": {
            "amount": 8, 
            "recipe": 12, 
            "ingredient": 1036
        }, 
        "model": "main.recipeingredient", 
        "pk": 1146
    }, 
    {
        "fields": {
            "description": "This is one of my all-time favourite recipes. I just love Scrambled Eggs Done Right on weekends!", 
            "creator": 4, 
            "title": "Scrambled Eggs Done Right", 
            "creation_time": "09:23:15", 
            "creation_date": "2016-02-02", 
            "average_rating": 1.23, 
            "rating_count": 12, 
            "steps": "[\"Season the ingredients with pepper.\", \"Heat sesame oil in a large skillet over medium heat; cook and stir carrot and zucchini in the hot oil until vegetables begin to soften, about 5 minutes. Stir in bean sprouts, bamboo shoots, and mushrooms. Cook and stir until carrots are tender, about 5 more minutes. Season to taste with salt and set vegetables aside.\", \"Roll the pastry in big rolls.\", \"Mix them and season with salt and pepper.\", \"Fry them in a frying pan for 20 minutes.\", \"Wash the salad and other vegetables\"]", 
            "servings": 4, 
            "duration": "0:50:00"
        }, 
        "model": "main.recipe", 
        "pk": 12
    }, 
    {
        "fields": {
            "image": "recipeimages/9.jpg", 
            "recipe": 12
        }, 
        "model": "main.recipeimage", 
        "pk": 60
    }, 
    {
        "fields": {
            "image": "recipeimages/9.jpg", 
            "recipe": 12
        }, 
        "model": "main.recipeimage", 
        "pk": 61
    }, 
    {
        "fields": {
            "image": "recipeimages/9.jpg", 
            "recipe": 12
        }, 
        "model": "main.recipeimage", 
        "pk": 62
    }, 
    {
        "fields": {
            "image": "recipeimages/3.jpg", 
            "recipe": 12
        }, 
        "model": "main.recipeimage", 
        "pk": 63
    }, 
    {
        "fields": {
            "image": "recipeimages/6.jpg", 
            "recipe": 12
        }, 
        "model": "main.recipeimage", 
        "pk": 64
    }, 
    {
        "fields": {
            "username": "user5", 
            "first_name": "", 
            "last_name": "", 
            "is_active": true, 
            "is_superuser": false, 
            "is_staff": false, 
            "last_login": "2016-11-09T18:08:23.137Z", 
            "groups": [], 
            "user_permissions": [], 
            "password": "pbkdf2_sha256$30000$qwdCTXISuS1t$CyHx8U8Q7b/JlX24lOqbUXm+n2BrwNfHVzqNL3GkWs4=", 
            "email": "user5@cookit.com", 
            "date_joined": "2016-11-09T18:08:13.734Z"
        }, 
        "model": "auth.user", 
        "pk": 5
    }, 
    {
        "fields": {
            "favourite_recipes": [
                1, 
                2, 
                3, 
                4
            ], 
            "favourite_users": [
                1, 
                2, 
                3, 
                4
            ], 
            "description": "Internationally renowned, multi-Michelin starred chef Gordon Ramsay has opened a string of successful restaurants across the globe, from the UK and France to Singapore and Hong Kong, to the United States. Gordon has also become a star of the small screen both in the UK and internationally, with shows such as Kitchen Nightmares, Hell's Kitchen, Hotel Hell and MasterChef US.", 
            "user": 5
        }, 
        "model": "main.useraccount", 
        "pk": 5
    }, 
    {
        "fields": {
            "image": "userimages/1.jpg", 
            "user_account": 5
        }, 
        "model": "main.userimage", 
        "pk": 5
    }, 
    {
        "fields": {
            "infinite": false, 
            "amount": 16, 
            "user_account": 5, 
            "ingredient": 19296
        }, 
        "model": "main.useringredient", 
        "pk": 19416
    }, 
    {
        "fields": {
            "infinite": false, 
            "amount": 9, 
            "user_account": 5, 
            "ingredient": 12155
        }, 
        "model": "main.useringredient", 
        "pk": 12275
    }, 
    {
        "fields": {
            "infinite": false, 
            "amount": 9, 
            "user_account": 5, 
            "ingredient": 1230
        }, 
        "model": "main.useringredient", 
        "pk": 1350
    }, 
    {
        "fields": {
            "infinite": false, 
            "amount": 8, 
            "user_account": 5, 
            "ingredient": 18371
        }, 
        "model": "main.useringredient", 
        "pk": 18491
    }, 
    {
        "fields": {
            "infinite": false, 
            "amount": 6, 
            "user_account": 5, 
            "ingredient": 9040
        }, 
        "model": "main.useringredient", 
        "pk": 9160
    }, 
    {
        "fields": {
            "infinite": false, 
            "amount": 14, 
            "user_account": 5, 
            "ingredient": 20081
        }, 
        "model": "main.useringredient", 
        "pk": 20201
    }, 
    {
        "fields": {
            "infinite": false, 
            "amount": 9, 
            "user_account": 5, 
            "ingredient": 2050
        }, 
        "model": "main.useringredient", 
        "pk": 2170
    }, 
    {
        "fields": {
            "infinite": false, 
            "amount": 4, 
            "user_account": 5, 
            "ingredient": 2047
        }, 
        "model": "main.useringredient", 
        "pk": 2167
    }, 
    {
        "fields": {
            "infinite": false, 
            "amount": 17, 
            "user_account": 5, 
            "ingredient": 19334
        }, 
        "model": "main.useringredient", 
        "pk": 19454
    }, 
    {
        "fields": {
            "infinite": false, 
            "amount": 10, 
            "user_account": 5, 
            "ingredient": 1082047
        }, 
        "model": "main.useringredient", 
        "pk": 1082167
    }, 
    {
        "fields": {
            "infinite": false, 
            "amount": 8, 
            "user_account": 5, 
            "ingredient": 1118
        }, 
        "model": "main.useringredient", 
        "pk": 1238
    }, 
    {
        "fields": {
            "infinite": false, 
            "amount": 8, 
            "user_account": 5, 
            "ingredient": 15152
        }, 
        "model": "main.useringredient", 
        "pk": 15272
    }, 
    {
        "fields": {
            "infinite": false, 
            "amount": 6, 
            "user_account": 5, 
            "ingredient": 2049
        }, 
        "model": "main.useringredient", 
        "pk": 2169
    }, 
    {
        "fields": {
            "infinite": false, 
            "amount": 10, 
            "user_account": 5, 
            "ingredient": 10011167
        }, 
        "model": "main.useringredient", 
        "pk": 10011287
    }, 
    {
        "fields": {
            "infinite": false, 
            "amount": 4, 
            "user_account": 5, 
            "ingredient": 1054
        }, 
        "model": "main.useringredient", 
        "pk": 1174
    }, 
    {
        "fields": {
            "infinite": false, 
            "amount": 13, 
            "user_account": 5, 
            "ingredient": 2041
        }, 
        "model": "main.useringredient", 
        "pk": 2161
    }, 
    {
        "fields": {
            "infinite": false, 
            "amount": 15, 
            "user_account": 5, 
            "ingredient": 93700
        }, 
        "model": "main.useringredient", 
        "pk": 93820
    }, 
    {
        "fields": {
            "infinite": false, 
            "amount": 20, 
            "user_account": 5, 
            "ingredient": 19335
        }, 
        "model": "main.useringredient", 
        "pk": 19455
    }, 
    {
        "fields": {
            "infinite": false, 
            "amount": 10, 
            "user_account": 5, 
            "ingredient": 1002046
        }, 
        "model": "main.useringredient", 
        "pk": 1002166
    }, 
    {
        "fields": {
            "infinite": false, 
            "amount": 8, 
            "user_account": 5, 
            "ingredient": 19157
        }, 
        "model": "main.useringredient", 
        "pk": 19277
    }, 
    {
        "fields": {
            "infinite": false, 
            "amount": 10, 
            "user_account": 5, 
            "ingredient": 2035
        }, 
        "model": "main.useringredient", 
        "pk": 2155
    }, 
    {
        "fields": {
            "infinite": false, 
            "amount": 18, 
            "user_account": 5, 
            "ingredient": 20081
        }, 
        "model": "main.useringredient", 
        "pk": 20201
    }, 
    {
        "fields": {
            "infinite": false, 
            "amount": 17, 
            "user_account": 5, 
            "ingredient": 9216
        }, 
        "model": "main.useringredient", 
        "pk": 9336
    }, 
    {
        "fields": {
            "infinite": false, 
            "amount": 5, 
            "user_account": 5, 
            "ingredient": 1002068
        }, 
        "model": "main.useringredient", 
        "pk": 1002188
    }, 
    {
        "fields": {
            "infinite": false, 
            "amount": 12, 
            "user_account": 5, 
            "ingredient": 2009
        }, 
        "model": "main.useringredient", 
        "pk": 2129
    }, 
    {
        "fields": {
            "infinite": false, 
            "amount": 20, 
            "user_account": 5, 
            "ingredient": 6150
        }, 
        "model": "main.useringredient", 
        "pk": 6270
    }, 
    {
        "fields": {
            "infinite": false, 
            "amount": 13, 
            "user_account": 5, 
            "ingredient": 93831
        }, 
        "model": "main.useringredient", 
        "pk": 93951
    }, 
    {
        "fields": {
            "infinite": false, 
            "amount": 6, 
            "user_account": 5, 
            "ingredient": 19304
        }, 
        "model": "main.useringredient", 
        "pk": 19424
    }, 
    {
        "fields": {
            "infinite": false, 
            "amount": 18, 
            "user_account": 5, 
            "ingredient": 93831
        }, 
        "model": "main.useringredient", 
        "pk": 93951
    }, 
    {
        "fields": {
            "amount": 18, 
            "recipe": 13, 
            "ingredient": 1022020
        }, 
        "model": "main.recipeingredient", 
        "pk": 1022156
    }, 
    {
        "fields": {
            "amount": 18, 
            "recipe": 13, 
            "ingredient": 19335
        }, 
        "model": "main.recipeingredient", 
        "pk": 19471
    }, 
    {
        "fields": {
            "amount": 9, 
            "recipe": 13, 
            "ingredient": 1034053
        }, 
        "model": "main.recipeingredient", 
        "pk": 1034189
    }, 
    {
        "fields": {
            "amount": 19, 
            "recipe": 13, 
            "ingredient": 1017
        }, 
        "model": "main.recipeingredient", 
        "pk": 1153
    }, 
    {
        "fields": {
            "description": "This is one of my all-time favourite recipes. I just love Bacon Wrapped Chicken on weekends!", 
            "creator": 5, 
            "title": "Bacon Wrapped Chicken", 
            "creation_time": "09:23:15", 
            "creation_date": "2016-02-02", 
            "average_rating": 2.23, 
            "rating_count": 5, 
            "steps": "[\"Mash the ingredients into a paste. Add some water if it gets too thick\", \"Heat the water and add some salt to it.\", \"Bake in preheated oven for 25 minutes. Uncover and sprinkle with cilantro and 1/4 cup Cheddar cheese. Bake until cheese is melted, 2 to 3 minutes.\", \"Stir cooked rice, green onions, soy sauce, and black pepper in the same skillet until the rice is hot. In a separate skillet over medium heat, melt butter and gently fry eggs, turning once, until the yolks are still slightly runny but the egg whites are firm, about 3 minutes per egg.\", \"Enjoy your delicious meal!\", \"In a large glass bowl, stir together the vinegar, oil, soy sauce, lime juice, lemon juice, sherry, mustard, and honey. Mix in the garlic, brown sugar, lemon pepper, oregano, rosemary, and salt. Place the chicken in the mixture. Cover, and marinate in the refrigerator 8 hours or overnight.\"]", 
            "servings": 5, 
            "duration": "1:22:00"
        }, 
        "model": "main.recipe", 
        "pk": 13
    }, 
    {
        "fields": {
            "image": "recipeimages/7.jpg", 
            "recipe": 13
        }, 
        "model": "main.recipeimage", 
        "pk": 65
    }, 
    {
        "fields": {
            "image": "recipeimages/6.jpg", 
            "recipe": 13
        }, 
        "model": "main.recipeimage", 
        "pk": 66
    }, 
    {
        "fields": {
            "image": "recipeimages/2.jpg", 
            "recipe": 13
        }, 
        "model": "main.recipeimage", 
        "pk": 67
    }, 
    {
        "fields": {
            "image": "recipeimages/7.jpg", 
            "recipe": 13
        }, 
        "model": "main.recipeimage", 
        "pk": 68
    }, 
    {
        "fields": {
            "image": "recipeimages/2.jpg", 
            "recipe": 13
        }, 
        "model": "main.recipeimage", 
        "pk": 69
    }, 
    {
        "fields": {
            "amount": 14, 
            "recipe": 14, 
            "ingredient": 2035
        }, 
        "model": "main.recipeingredient", 
        "pk": 2175
    }, 
    {
        "fields": {
            "amount": 6, 
            "recipe": 14, 
            "ingredient": 1022053
        }, 
        "model": "main.recipeingredient", 
        "pk": 1022193
    }, 
    {
        "fields": {
            "amount": 6, 
            "recipe": 14, 
            "ingredient": 1033
        }, 
        "model": "main.recipeingredient", 
        "pk": 1173
    }, 
    {
        "fields": {
            "amount": 18, 
            "recipe": 14, 
            "ingredient": 12117
        }, 
        "model": "main.recipeingredient", 
        "pk": 12257
    }, 
    {
        "fields": {
            "description": "This is one of my all-time favourite recipes. I just love Great Pumpkin Dessert on weekends!", 
            "creator": 5, 
            "title": "Great Pumpkin Dessert", 
            "creation_time": "09:23:15", 
            "creation_date": "2016-02-02", 
            "average_rating": 3.23, 
            "rating_count": 10, 
            "steps": "[\"Mash the ingredients into a paste. Add some water if it gets too thick\", \"Heat the water and add some salt to it.\", \"Bake in preheated oven for 25 minutes. Uncover and sprinkle with cilantro and 1/4 cup Cheddar cheese. Bake until cheese is melted, 2 to 3 minutes.\", \"Stir cooked rice, green onions, soy sauce, and black pepper in the same skillet until the rice is hot. In a separate skillet over medium heat, melt butter and gently fry eggs, turning once, until the yolks are still slightly runny but the egg whites are firm, about 3 minutes per egg.\", \"Enjoy your delicious meal!\", \"In a large glass bowl, stir together the vinegar, oil, soy sauce, lime juice, lemon juice, sherry, mustard, and honey. Mix in the garlic, brown sugar, lemon pepper, oregano, rosemary, and salt. Place the chicken in the mixture. Cover, and marinate in the refrigerator 8 hours or overnight.\"]", 
            "servings": 5, 
            "duration": "1:22:00"
        }, 
        "model": "main.recipe", 
        "pk": 14
    }, 
    {
        "fields": {
            "image": "recipeimages/5.jpg", 
            "recipe": 14
        }, 
        "model": "main.recipeimage", 
        "pk": 70
    }, 
    {
        "fields": {
            "amount": 15, 
            "recipe": 15, 
            "ingredient": 1035
        }, 
        "model": "main.recipeingredient", 
        "pk": 1179
    }, 
    {
        "fields": {
            "amount": 3, 
            "recipe": 15, 
            "ingredient": 4053
        }, 
        "model": "main.recipeingredient", 
        "pk": 4197
    }, 
    {
        "fields": {
            "amount": 18, 
            "recipe": 15, 
            "ingredient": 10611282
        }, 
        "model": "main.recipeingredient", 
        "pk": 10611426
    }, 
    {
        "fields": {
            "amount": 20, 
            "recipe": 15, 
            "ingredient": 1002014
        }, 
        "model": "main.recipeingredient", 
        "pk": 1002158
    }, 
    {
        "fields": {
            "description": "This is one of my all-time favourite recipes. I just love Bacon Wrapped Chicken on weekends!", 
            "creator": 5, 
            "title": "Bacon Wrapped Chicken", 
            "creation_time": "09:23:15", 
            "creation_date": "2016-02-02", 
            "average_rating": 2.23, 
            "rating_count": 15, 
            "steps": "[\"Mash the ingredients into a paste. Add some water if it gets too thick\", \"Heat the water and add some salt to it.\", \"Bake in preheated oven for 25 minutes. Uncover and sprinkle with cilantro and 1/4 cup Cheddar cheese. Bake until cheese is melted, 2 to 3 minutes.\", \"Stir cooked rice, green onions, soy sauce, and black pepper in the same skillet until the rice is hot. In a separate skillet over medium heat, melt butter and gently fry eggs, turning once, until the yolks are still slightly runny but the egg whites are firm, about 3 minutes per egg.\", \"Enjoy your delicious meal!\", \"In a large glass bowl, stir together the vinegar, oil, soy sauce, lime juice, lemon juice, sherry, mustard, and honey. Mix in the garlic, brown sugar, lemon pepper, oregano, rosemary, and salt. Place the chicken in the mixture. Cover, and marinate in the refrigerator 8 hours or overnight.\"]", 
            "servings": 5, 
            "duration": "1:22:00"
        }, 
        "model": "main.recipe", 
        "pk": 15
    }, 
    {
        "fields": {
            "image": "recipeimages/2.jpg", 
            "recipe": 15
        }, 
        "model": "main.recipeimage", 
        "pk": 75
    }, 
    {
        "fields": {
            "image": "recipeimages/4.jpg", 
            "recipe": 15
        }, 
        "model": "main.recipeimage", 
        "pk": 76
    }, 
    {
        "fields": {
            "image": "recipeimages/3.jpg", 
            "recipe": 15
        }, 
        "model": "main.recipeimage", 
        "pk": 77
    }, 
    {
        "fields": {
            "username": "user6", 
            "first_name": "", 
            "last_name": "", 
            "is_active": true, 
            "is_superuser": false, 
            "is_staff": false, 
            "last_login": "2016-11-09T18:08:23.137Z", 
            "groups": [], 
            "user_permissions": [], 
            "password": "pbkdf2_sha256$30000$qwdCTXISuS1t$CyHx8U8Q7b/JlX24lOqbUXm+n2BrwNfHVzqNL3GkWs4=", 
            "email": "user6@cookit.com", 
            "date_joined": "2016-11-09T18:08:13.734Z"
        }, 
        "model": "auth.user", 
        "pk": 6
    }, 
    {
        "fields": {
            "favourite_recipes": [
                1, 
                2, 
                3, 
                4, 
                5
            ], 
            "favourite_users": [
                1, 
                2, 
                3, 
                4, 
                5
            ], 
            "description": "Internationally renowned, multi-Michelin starred chef Gordon Ramsay has opened a string of successful restaurants across the globe, from the UK and France to Singapore and Hong Kong, to the United States. Gordon has also become a star of the small screen both in the UK and internationally, with shows such as Kitchen Nightmares, Hell's Kitchen, Hotel Hell and MasterChef US.", 
            "user": 6
        }, 
        "model": "main.useraccount", 
        "pk": 6
    }, 
    {
        "fields": {
            "image": "userimages/2.jpg", 
            "user_account": 6
        }, 
        "model": "main.userimage", 
        "pk": 6
    }, 
    {
        "fields": {
            "infinite": false, 
            "amount": 13, 
            "user_account": 6, 
            "ingredient": 18371
        }, 
        "model": "main.useringredient", 
        "pk": 18521
    }, 
    {
        "fields": {
            "infinite": false, 
            "amount": 17, 
            "user_account": 6, 
            "ingredient": 2009
        }, 
        "model": "main.useringredient", 
        "pk": 2159
    }, 
    {
        "fields": {
            "infinite": false, 
            "amount": 6, 
            "user_account": 6, 
            "ingredient": 11972
        }, 
        "model": "main.useringredient", 
        "pk": 12122
    }, 
    {
        "fields": {
            "infinite": false, 
            "amount": 17, 
            "user_account": 6, 
            "ingredient": 11424
        }, 
        "model": "main.useringredient", 
        "pk": 11574
    }, 
    {
        "fields": {
            "infinite": false, 
            "amount": 11, 
            "user_account": 6, 
            "ingredient": 2027
        }, 
        "model": "main.useringredient", 
        "pk": 2177
    }, 
    {
        "fields": {
            "infinite": false, 
            "amount": 11, 
            "user_account": 6, 
            "ingredient": 8402
        }, 
        "model": "main.useringredient", 
        "pk": 8552
    }, 
    {
        "fields": {
            "infinite": false, 
            "amount": 12, 
            "user_account": 6, 
            "ingredient": 10119335
        }, 
        "model": "main.useringredient", 
        "pk": 10119485
    }, 
    {
        "fields": {
            "infinite": false, 
            "amount": 12, 
            "user_account": 6, 
            "ingredient": 11215
        }, 
        "model": "main.useringredient", 
        "pk": 11365
    }, 
    {
        "fields": {
            "amount": 11, 
            "recipe": 16, 
            "ingredient": 2050
        }, 
        "model": "main.recipeingredient", 
        "pk": 2220
    }, 
    {
        "fields": {
            "amount": 9, 
            "recipe": 16, 
            "ingredient": 1002001
        }, 
        "model": "main.recipeingredient", 
        "pk": 1002171
    }, 
    {
        "fields": {
            "amount": 6, 
            "recipe": 16, 
            "ingredient": 11297
        }, 
        "model": "main.recipeingredient", 
        "pk": 11467
    }, 
    {
        "fields": {
            "amount": 5, 
            "recipe": 16, 
            "ingredient": 2050
        }, 
        "model": "main.recipeingredient", 
        "pk": 2220
    }, 
    {
        "fields": {
            "amount": 19, 
            "recipe": 16, 
            "ingredient": 9152
        }, 
        "model": "main.recipeingredient", 
        "pk": 9322
    }, 
    {
        "fields": {
            "amount": 4, 
            "recipe": 16, 
            "ingredient": 1002069
        }, 
        "model": "main.recipeingredient", 
        "pk": 1002239
    }, 
    {
        "fields": {
            "description": "This is one of my all-time favourite recipes. I just love Grilled Portobellos Sauteed in Wine on weekends!", 
            "creator": 6, 
            "title": "Grilled Portobellos Sauteed in Wine", 
            "creation_time": "09:23:15", 
            "creation_date": "2016-02-02", 
            "average_rating": 4.23, 
            "rating_count": 6, 
            "steps": "[\"To serve, divide hot cooked rice mixture between 3 serving bowls and top each bowl with 1/3 of the vegetable mixture and a fried egg. Serve sweet red chili sauce on the side for mixing into bibimbap.\", \"Season the ingredients with pepper.\", \"Enjoy your delicious meal!\", \"Spoon a rounded 1/2 cup bean mixture down the center of each tortilla. Fold sides over filling and roll up. Place enchiladas seam side down in baking dish; spoon salsa over each tortilla. Cover baking dish with aluminum foil.\", \"Start by slicing the vegetables and the meat.\"]", 
            "servings": 6, 
            "duration": "4:56:00"
        }, 
        "model": "main.recipe", 
        "pk": 16
    }, 
    {
        "fields": {
            "image": "recipeimages/9.jpg", 
            "recipe": 16
        }, 
        "model": "main.recipeimage", 
        "pk": 80
    }, 
    {
        "fields": {
            "amount": 16, 
            "recipe": 17, 
            "ingredient": 2044
        }, 
        "model": "main.recipeingredient", 
        "pk": 2218
    }, 
    {
        "fields": {
            "amount": 5, 
            "recipe": 17, 
            "ingredient": 11209
        }, 
        "model": "main.recipeingredient", 
        "pk": 11383
    }, 
    {
        "fields": {
            "amount": 8, 
            "recipe": 17, 
            "ingredient": 1145
        }, 
        "model": "main.recipeingredient", 
        "pk": 1319
    }, 
    {
        "fields": {
            "amount": 18, 
            "recipe": 17, 
            "ingredient": 2009
        }, 
        "model": "main.recipeingredient", 
        "pk": 2183
    }, 
    {
        "fields": {
            "amount": 13, 
            "recipe": 17, 
            "ingredient": 19334
        }, 
        "model": "main.recipeingredient", 
        "pk": 19508
    }, 
    {
        "fields": {
            "amount": 7, 
            "recipe": 17, 
            "ingredient": 1053
        }, 
        "model": "main.recipeingredient", 
        "pk": 1227
    }, 
    {
        "fields": {
            "description": "This is one of my all-time favourite recipes. I just love Grilled Portobellos Sauteed in Wine on weekends!", 
            "creator": 6, 
            "title": "Grilled Portobellos Sauteed in Wine", 
            "creation_time": "09:23:15", 
            "creation_date": "2016-02-02", 
            "average_rating": 4.23, 
            "rating_count": 12, 
            "steps": "[\"To serve, divide hot cooked rice mixture between 3 serving bowls and top each bowl with 1/3 of the vegetable mixture and a fried egg. Serve sweet red chili sauce on the side for mixing into bibimbap.\", \"Season the ingredients with pepper.\", \"Enjoy your delicious meal!\", \"Spoon a rounded 1/2 cup bean mixture down the center of each tortilla. Fold sides over filling and roll up. Place enchiladas seam side down in baking dish; spoon salsa over each tortilla. Cover baking dish with aluminum foil.\", \"Start by slicing the vegetables and the meat.\"]", 
            "servings": 6, 
            "duration": "4:56:00"
        }, 
        "model": "main.recipe", 
        "pk": 17
    }, 
    {
        "fields": {
            "image": "recipeimages/3.jpg", 
            "recipe": 17
        }, 
        "model": "main.recipeimage", 
        "pk": 85
    }, 
    {
        "fields": {
            "image": "recipeimages/6.jpg", 
            "recipe": 17
        }, 
        "model": "main.recipeimage", 
        "pk": 86
    }, 
    {
        "fields": {
            "image": "recipeimages/2.jpg", 
            "recipe": 17
        }, 
        "model": "main.recipeimage", 
        "pk": 87
    }, 
    {
        "fields": {
            "image": "recipeimages/3.jpg", 
            "recipe": 17
        }, 
        "model": "main.recipeimage", 
        "pk": 88
    }, 
    {
        "fields": {
            "amount": 3, 
            "recipe": 18, 
            "ingredient": 2069
        }, 
        "model": "main.recipeingredient", 
        "pk": 2247
    }, 
    {
        "fields": {
            "amount": 5, 
            "recipe": 18, 
            "ingredient": 18079
        }, 
        "model": "main.recipeingredient", 
        "pk": 18257
    }, 
    {
        "fields": {
            "amount": 20, 
            "recipe": 18, 
            "ingredient": 2035
        }, 
        "model": "main.recipeingredient", 
        "pk": 2213
    }, 
    {
        "fields": {
            "amount": 6, 
            "recipe": 18, 
            "ingredient": 11216
        }, 
        "model": "main.recipeingredient", 
        "pk": 11394
    }, 
    {
        "fields": {
            "description": "This is one of my all-time favourite recipes. I just love Great Pumpkin Dessert on weekends!", 
            "creator": 6, 
            "title": "Great Pumpkin Dessert", 
            "creation_time": "09:23:15", 
            "creation_date": "2016-02-02", 
            "average_rating": 3.23, 
            "rating_count": 18, 
            "steps": "[\"To serve, divide hot cooked rice mixture between 3 serving bowls and top each bowl with 1/3 of the vegetable mixture and a fried egg. Serve sweet red chili sauce on the side for mixing into bibimbap.\", \"Season the ingredients with pepper.\", \"Enjoy your delicious meal!\", \"Spoon a rounded 1/2 cup bean mixture down the center of each tortilla. Fold sides over filling and roll up. Place enchiladas seam side down in baking dish; spoon salsa over each tortilla. Cover baking dish with aluminum foil.\", \"Start by slicing the vegetables and the meat.\"]", 
            "servings": 6, 
            "duration": "4:56:00"
        }, 
        "model": "main.recipe", 
        "pk": 18
    }, 
    {
        "fields": {
            "image": "recipeimages/7.jpg", 
            "recipe": 18
        }, 
        "model": "main.recipeimage", 
        "pk": 90
    }, 
    {
        "fields": {
            "image": "recipeimages/6.jpg", 
            "recipe": 18
        }, 
        "model": "main.recipeimage", 
        "pk": 91
    }, 
    {
        "fields": {
            "image": "recipeimages/3.jpg", 
            "recipe": 18
        }, 
        "model": "main.recipeimage", 
        "pk": 92
    }, 
    {
        "fields": {
            "username": "user7", 
            "first_name": "", 
            "last_name": "", 
            "is_active": true, 
            "is_superuser": false, 
            "is_staff": false, 
            "last_login": "2016-11-09T18:08:23.137Z", 
            "groups": [], 
            "user_permissions": [], 
            "password": "pbkdf2_sha256$30000$qwdCTXISuS1t$CyHx8U8Q7b/JlX24lOqbUXm+n2BrwNfHVzqNL3GkWs4=", 
            "email": "user7@cookit.com", 
            "date_joined": "2016-11-09T18:08:13.734Z"
        }, 
        "model": "auth.user", 
        "pk": 7
    }, 
    {
        "fields": {
            "favourite_recipes": [
                1, 
                2, 
                3, 
                4, 
                5, 
                6
            ], 
            "favourite_users": [
                1, 
                2, 
                3, 
                4, 
                5, 
                6
            ], 
            "description": "Internationally renowned, multi-Michelin starred chef Gordon Ramsay has opened a string of successful restaurants across the globe, from the UK and France to Singapore and Hong Kong, to the United States. Gordon has also become a star of the small screen both in the UK and internationally, with shows such as Kitchen Nightmares, Hell's Kitchen, Hotel Hell and MasterChef US.", 
            "user": 7
        }, 
        "model": "main.useraccount", 
        "pk": 7
    }, 
    {
        "fields": {
            "image": "userimages/5.jpg", 
            "user_account": 7
        }, 
        "model": "main.userimage", 
        "pk": 7
    }, 
    {
        "fields": {
            "infinite": false, 
            "amount": 7, 
            "user_account": 7, 
            "ingredient": 2004
        }, 
        "model": "main.useringredient", 
        "pk": 2184
    }, 
    {
        "fields": {
            "infinite": false, 
            "amount": 17, 
            "user_account": 7, 
            "ingredient": 10019087
        }, 
        "model": "main.useringredient", 
        "pk": 10019267
    }, 
    {
        "fields": {
            "infinite": false, 
            "amount": 20, 
            "user_account": 7, 
            "ingredient": 6615
        }, 
        "model": "main.useringredient", 
        "pk": 6795
    }, 
    {
        "fields": {
            "infinite": false, 
            "amount": 12, 
            "user_account": 7, 
            "ingredient": 4513
        }, 
        "model": "main.useringredient", 
        "pk": 4693
    }, 
    {
        "fields": {
            "infinite": false, 
            "amount": 10, 
            "user_account": 7, 
            "ingredient": 11291
        }, 
        "model": "main.useringredient", 
        "pk": 11471
    }, 
    {
        "fields": {
            "infinite": false, 
            "amount": 8, 
            "user_account": 7, 
            "ingredient": 14412
        }, 
        "model": "main.useringredient", 
        "pk": 14592
    }, 
    {
        "fields": {
            "infinite": false, 
            "amount": 17, 
            "user_account": 7, 
            "ingredient": 12118
        }, 
        "model": "main.useringredient", 
        "pk": 12298
    }, 
    {
        "fields": {
            "infinite": false, 
            "amount": 10, 
            "user_account": 7, 
            "ingredient": 11333
        }, 
        "model": "main.useringredient", 
        "pk": 11513
    }, 
    {
        "fields": {
            "infinite": false, 
            "amount": 16, 
            "user_account": 7, 
            "ingredient": 11215
        }, 
        "model": "main.useringredient", 
        "pk": 11395
    }, 
    {
        "fields": {
            "infinite": false, 
            "amount": 4, 
            "user_account": 7, 
            "ingredient": 11215
        }, 
        "model": "main.useringredient", 
        "pk": 11395
    }, 
    {
        "fields": {
            "infinite": false, 
            "amount": 6, 
            "user_account": 7, 
            "ingredient": 6164
        }, 
        "model": "main.useringredient", 
        "pk": 6344
    }, 
    {
        "fields": {
            "infinite": false, 
            "amount": 18, 
            "user_account": 7, 
            "ingredient": 10012014
        }, 
        "model": "main.useringredient", 
        "pk": 10012194
    }, 
    {
        "fields": {
            "amount": 15, 
            "recipe": 19, 
            "ingredient": 19334
        }, 
        "model": "main.recipeingredient", 
        "pk": 19538
    }, 
    {
        "fields": {
            "amount": 2, 
            "recipe": 19, 
            "ingredient": 6615
        }, 
        "model": "main.recipeingredient", 
        "pk": 6819
    }, 
    {
        "fields": {
            "amount": 7, 
            "recipe": 19, 
            "ingredient": 1082047
        }, 
        "model": "main.recipeingredient", 
        "pk": 1082251
    }, 
    {
        "fields": {
            "description": "This is one of my all-time favourite recipes. I just love Scrambled Eggs Done Right on weekends!", 
            "creator": 7, 
            "title": "Scrambled Eggs Done Right", 
            "creation_time": "09:23:15", 
            "creation_date": "2016-02-02", 
            "average_rating": 1.23, 
            "rating_count": 7, 
            "steps": "[\"Pour tomato sauce into a lightly greased 9x13 inch baking dish. Add chicken, then place a slice of Monterey Jack cheese over each breast, and bake in the preheated oven for 20 minutes or until cheese is completely melted.\", \"Preheat the grill for high heat.\", \"Mix them and season with salt and pepper.\", \"Pour beaten eggs into a shallow dish or bowl. In another shallow dish or bowl, mix together the grated Parmesan cheese and bread crumbs. Dip chicken breasts into beaten egg, then into bread crumb mixture to coat.\", \"Put it in the oven for 30 minutes.Add some vinegar\"]", 
            "servings": 7, 
            "duration": "2:24:00"
        }, 
        "model": "main.recipe", 
        "pk": 19
    }, 
    {
        "fields": {
            "image": "recipeimages/7.jpg", 
            "recipe": 19
        }, 
        "model": "main.recipeimage", 
        "pk": 95
    }, 
    {
        "fields": {
            "image": "recipeimages/9.jpg", 
            "recipe": 19
        }, 
        "model": "main.recipeimage", 
        "pk": 96
    }, 
    {
        "fields": {
            "amount": 9, 
            "recipe": 20, 
            "ingredient": 1045062
        }, 
        "model": "main.recipeingredient", 
        "pk": 1045270
    }, 
    {
        "fields": {
            "amount": 16, 
            "recipe": 20, 
            "ingredient": 1082047
        }, 
        "model": "main.recipeingredient", 
        "pk": 1082255
    }, 
    {
        "fields": {
            "amount": 8, 
            "recipe": 20, 
            "ingredient": 19903
        }, 
        "model": "main.recipeingredient", 
        "pk": 20111
    }, 
    {
        "fields": {
            "description": "This is one of my all-time favourite recipes. I just love Shrimp Francesca on weekends!", 
            "creator": 7, 
            "title": "Shrimp Francesca", 
            "creation_time": "09:23:15", 
            "creation_date": "2016-02-02", 
            "average_rating": 4.23, 
            "rating_count": 14, 
            "steps": "[\"Pour tomato sauce into a lightly greased 9x13 inch baking dish. Add chicken, then place a slice of Monterey Jack cheese over each breast, and bake in the preheated oven for 20 minutes or until cheese is completely melted.\", \"Preheat the grill for high heat.\", \"Mix them and season with salt and pepper.\", \"Pour beaten eggs into a shallow dish or bowl. In another shallow dish or bowl, mix together the grated Parmesan cheese and bread crumbs. Dip chicken breasts into beaten egg, then into bread crumb mixture to coat.\", \"Put it in the oven for 30 minutes.Add some vinegar\"]", 
            "servings": 7, 
            "duration": "2:24:00"
        }, 
        "model": "main.recipe", 
        "pk": 20
    }, 
    {
        "fields": {
            "image": "recipeimages/1.jpg", 
            "recipe": 20
        }, 
        "model": "main.recipeimage", 
        "pk": 100
    }, 
    {
        "fields": {
            "image": "recipeimages/4.jpg", 
            "recipe": 20
        }, 
        "model": "main.recipeimage", 
        "pk": 101
    }, 
    {
        "fields": {
            "amount": 13, 
            "recipe": 21, 
            "ingredient": 10123
        }, 
        "model": "main.recipeingredient", 
        "pk": 10335
    }, 
    {
        "fields": {
            "amount": 17, 
            "recipe": 21, 
            "ingredient": 19334
        }, 
        "model": "main.recipeingredient", 
        "pk": 19546
    }, 
    {
        "fields": {
            "amount": 12, 
            "recipe": 21, 
            "ingredient": 2047
        }, 
        "model": "main.recipeingredient", 
        "pk": 2259
    }, 
    {
        "fields": {
            "description": "This is one of my all-time favourite recipes. I just love Black Bean and Rice Enchiladas on weekends!", 
            "creator": 7, 
            "title": "Black Bean and Rice Enchiladas", 
            "creation_time": "09:23:15", 
            "creation_date": "2016-02-02", 
            "average_rating": 2.23, 
            "rating_count": 21, 
            "steps": "[\"Pour tomato sauce into a lightly greased 9x13 inch baking dish. Add chicken, then place a slice of Monterey Jack cheese over each breast, and bake in the preheated oven for 20 minutes or until cheese is completely melted.\", \"Preheat the grill for high heat.\", \"Mix them and season with salt and pepper.\", \"Pour beaten eggs into a shallow dish or bowl. In another shallow dish or bowl, mix together the grated Parmesan cheese and bread crumbs. Dip chicken breasts into beaten egg, then into bread crumb mixture to coat.\", \"Put it in the oven for 30 minutes.Add some vinegar\"]", 
            "servings": 7, 
            "duration": "2:24:00"
        }, 
        "model": "main.recipe", 
        "pk": 21
    }, 
    {
        "fields": {
            "image": "recipeimages/9.jpg", 
            "recipe": 21
        }, 
        "model": "main.recipeimage", 
        "pk": 105
    }, 
    {
        "fields": {
            "image": "recipeimages/6.jpg", 
            "recipe": 21
        }, 
        "model": "main.recipeimage", 
        "pk": 106
    }, 
    {
        "fields": {
            "image": "recipeimages/3.jpg", 
            "recipe": 21
        }, 
        "model": "main.recipeimage", 
        "pk": 107
    }, 
    {
        "fields": {
            "image": "recipeimages/3.jpg", 
            "recipe": 21
        }, 
        "model": "main.recipeimage", 
        "pk": 108
    }, 
    {
        "fields": {
            "username": "user8", 
            "first_name": "", 
            "last_name": "", 
            "is_active": true, 
            "is_superuser": false, 
            "is_staff": false, 
            "last_login": "2016-11-09T18:08:23.137Z", 
            "groups": [], 
            "user_permissions": [], 
            "password": "pbkdf2_sha256$30000$qwdCTXISuS1t$CyHx8U8Q7b/JlX24lOqbUXm+n2BrwNfHVzqNL3GkWs4=", 
            "email": "user8@cookit.com", 
            "date_joined": "2016-11-09T18:08:13.734Z"
        }, 
        "model": "auth.user", 
        "pk": 8
    }, 
    {
        "fields": {
            "favourite_recipes": [
                1, 
                2, 
                3, 
                4, 
                5, 
                6, 
                7
            ], 
            "favourite_users": [
                1, 
                2, 
                3, 
                4, 
                5, 
                6, 
                7
            ], 
            "description": "Internationally renowned, multi-Michelin starred chef Gordon Ramsay has opened a string of successful restaurants across the globe, from the UK and France to Singapore and Hong Kong, to the United States. Gordon has also become a star of the small screen both in the UK and internationally, with shows such as Kitchen Nightmares, Hell's Kitchen, Hotel Hell and MasterChef US.", 
            "user": 8
        }, 
        "model": "main.useraccount", 
        "pk": 8
    }, 
    {
        "fields": {
            "infinite": false, 
            "amount": 15, 
            "user_account": 8, 
            "ingredient": 4582
        }, 
        "model": "main.useringredient", 
        "pk": 4792
    }, 
    {
        "fields": {
            "infinite": false, 
            "amount": 6, 
            "user_account": 8, 
            "ingredient": 1123
        }, 
        "model": "main.useringredient", 
        "pk": 1333
    }, 
    {
        "fields": {
            "infinite": false, 
            "amount": 15, 
            "user_account": 8, 
            "ingredient": 11549
        }, 
        "model": "main.useringredient", 
        "pk": 11759
    }, 
    {
        "fields": {
            "infinite": false, 
            "amount": 12, 
            "user_account": 8, 
            "ingredient": 11353
        }, 
        "model": "main.useringredient", 
        "pk": 11563
    }, 
    {
        "fields": {
            "infinite": false, 
            "amount": 9, 
            "user_account": 8, 
            "ingredient": 1118
        }, 
        "model": "main.useringredient", 
        "pk": 1328
    }, 
    {
        "fields": {
            "infinite": false, 
            "amount": 18, 
            "user_account": 8, 
            "ingredient": 2050
        }, 
        "model": "main.useringredient", 
        "pk": 2260
    }, 
    {
        "fields": {
            "infinite": false, 
            "amount": 19, 
            "user_account": 8, 
            "ingredient": 11266
        }, 
        "model": "main.useringredient", 
        "pk": 11476
    }, 
    {
        "fields": {
            "infinite": false, 
            "amount": 13, 
            "user_account": 8, 
            "ingredient": 1002046
        }, 
        "model": "main.useringredient", 
        "pk": 1002256
    }, 
    {
        "fields": {
            "infinite": false, 
            "amount": 4, 
            "user_account": 8, 
            "ingredient": 20081
        }, 
        "model": "main.useringredient", 
        "pk": 20291
    }, 
    {
        "fields": {
            "infinite": false, 
            "amount": 14, 
            "user_account": 8, 
            "ingredient": 10219903
        }, 
        "model": "main.useringredient", 
        "pk": 10220113
    }, 
    {
        "fields": {
            "infinite": false, 
            "amount": 13, 
            "user_account": 8, 
            "ingredient": 2035
        }, 
        "model": "main.useringredient", 
        "pk": 2245
    }, 
    {
        "fields": {
            "infinite": false, 
            "amount": 4, 
            "user_account": 8, 
            "ingredient": 2050
        }, 
        "model": "main.useringredient", 
        "pk": 2260
    }, 
    {
        "fields": {
            "infinite": false, 
            "amount": 8, 
            "user_account": 8, 
            "ingredient": 1230
        }, 
        "model": "main.useringredient", 
        "pk": 1440
    }, 
    {
        "fields": {
            "infinite": false, 
            "amount": 10, 
            "user_account": 8, 
            "ingredient": 4053
        }, 
        "model": "main.useringredient", 
        "pk": 4263
    }, 
    {
        "fields": {
            "infinite": false, 
            "amount": 7, 
            "user_account": 8, 
            "ingredient": 1017
        }, 
        "model": "main.useringredient", 
        "pk": 1227
    }, 
    {
        "fields": {
            "infinite": false, 
            "amount": 18, 
            "user_account": 8, 
            "ingredient": 14037
        }, 
        "model": "main.useringredient", 
        "pk": 14247
    }, 
    {
        "fields": {
            "infinite": false, 
            "amount": 15, 
            "user_account": 8, 
            "ingredient": 2047
        }, 
        "model": "main.useringredient", 
        "pk": 2257
    }, 
    {
        "fields": {
            "infinite": false, 
            "amount": 6, 
            "user_account": 8, 
            "ingredient": 10211362
        }, 
        "model": "main.useringredient", 
        "pk": 10211572
    }, 
    {
        "fields": {
            "infinite": false, 
            "amount": 6, 
            "user_account": 8, 
            "ingredient": 20081
        }, 
        "model": "main.useringredient", 
        "pk": 20291
    }, 
    {
        "fields": {
            "infinite": false, 
            "amount": 4, 
            "user_account": 8, 
            "ingredient": 19296
        }, 
        "model": "main.useringredient", 
        "pk": 19506
    }, 
    {
        "fields": {
            "infinite": false, 
            "amount": 5, 
            "user_account": 8, 
            "ingredient": 19334
        }, 
        "model": "main.useringredient", 
        "pk": 19544
    }, 
    {
        "fields": {
            "infinite": false, 
            "amount": 12, 
            "user_account": 8, 
            "ingredient": 11215
        }, 
        "model": "main.useringredient", 
        "pk": 11425
    }, 
    {
        "fields": {
            "infinite": false, 
            "amount": 8, 
            "user_account": 8, 
            "ingredient": 10011282
        }, 
        "model": "main.useringredient", 
        "pk": 10011492
    }, 
    {
        "fields": {
            "infinite": false, 
            "amount": 14, 
            "user_account": 8, 
            "ingredient": 2032
        }, 
        "model": "main.useringredient", 
        "pk": 2242
    }, 
    {
        "fields": {
            "infinite": false, 
            "amount": 19, 
            "user_account": 8, 
            "ingredient": 10018617
        }, 
        "model": "main.useringredient", 
        "pk": 10018827
    }, 
    {
        "fields": {
            "infinite": false, 
            "amount": 15, 
            "user_account": 8, 
            "ingredient": 11291
        }, 
        "model": "main.useringredient", 
        "pk": 11501
    }, 
    {
        "fields": {
            "infinite": false, 
            "amount": 9, 
            "user_account": 8, 
            "ingredient": 9273
        }, 
        "model": "main.useringredient", 
        "pk": 9483
    }, 
    {
        "fields": {
            "infinite": false, 
            "amount": 6, 
            "user_account": 8, 
            "ingredient": 18371
        }, 
        "model": "main.useringredient", 
        "pk": 18581
    }, 
    {
        "fields": {
            "amount": 15, 
            "recipe": 22, 
            "ingredient": 11143
        }, 
        "model": "main.recipeingredient", 
        "pk": 11381
    }, 
    {
        "fields": {
            "amount": 19, 
            "recipe": 22, 
            "ingredient": 11297
        }, 
        "model": "main.recipeingredient", 
        "pk": 11535
    }, 
    {
        "fields": {
            "amount": 19, 
            "recipe": 22, 
            "ingredient": 1145
        }, 
        "model": "main.recipeingredient", 
        "pk": 1383
    }, 
    {
        "fields": {
            "amount": 9, 
            "recipe": 22, 
            "ingredient": 4053
        }, 
        "model": "main.recipeingredient", 
        "pk": 4291
    }, 
    {
        "fields": {
            "amount": 16, 
            "recipe": 22, 
            "ingredient": 10018368
        }, 
        "model": "main.recipeingredient", 
        "pk": 10018606
    }, 
    {
        "fields": {
            "amount": 2, 
            "recipe": 22, 
            "ingredient": 11260
        }, 
        "model": "main.recipeingredient", 
        "pk": 11498
    }, 
    {
        "fields": {
            "description": "This is one of my all-time favourite recipes. I just love Crispy Baked Chicken on weekends!", 
            "creator": 8, 
            "title": "Crispy Baked Chicken", 
            "creation_time": "09:23:15", 
            "creation_date": "2016-02-02", 
            "average_rating": 1.23, 
            "rating_count": 8, 
            "steps": "[\"Put it in the oven for 30 minutes.Add some vinegar\", \"Start by slicing the vegetables and the meat.\", \"To serve, divide hot cooked rice mixture between 3 serving bowls and top each bowl with 1/3 of the vegetable mixture and a fried egg. Serve sweet red chili sauce on the side for mixing into bibimbap.\", \"Wash your hands and make sure your kitchen and tools are clean.\", \"Spoon a rounded 1/2 cup bean mixture down the center of each tortilla. Fold sides over filling and roll up. Place enchiladas seam side down in baking dish; spoon salsa over each tortilla. Cover baking dish with aluminum foil.\", \"Mash the ingredients into a paste. Add some water if it gets too thick\"]", 
            "servings": 8, 
            "duration": "2:45:00"
        }, 
        "model": "main.recipe", 
        "pk": 22
    }, 
    {
        "fields": {
            "amount": 15, 
            "recipe": 23, 
            "ingredient": 1123
        }, 
        "model": "main.recipeingredient", 
        "pk": 1365
    }, 
    {
        "fields": {
            "amount": 15, 
            "recipe": 23, 
            "ingredient": 1054
        }, 
        "model": "main.recipeingredient", 
        "pk": 1296
    }, 
    {
        "fields": {
            "amount": 9, 
            "recipe": 23, 
            "ingredient": 11215
        }, 
        "model": "main.recipeingredient", 
        "pk": 11457
    }, 
    {
        "fields": {
            "amount": 20, 
            "recipe": 23, 
            "ingredient": 18372
        }, 
        "model": "main.recipeingredient", 
        "pk": 18614
    }, 
    {
        "fields": {
            "amount": 6, 
            "recipe": 23, 
            "ingredient": 10023572
        }, 
        "model": "main.recipeingredient", 
        "pk": 10023814
    }, 
    {
        "fields": {
            "description": "This is one of my all-time favourite recipes. I just love Shrimp Francesca on weekends!", 
            "creator": 8, 
            "title": "Shrimp Francesca", 
            "creation_time": "09:23:15", 
            "creation_date": "2016-02-02", 
            "average_rating": 3.23, 
            "rating_count": 16, 
            "steps": "[\"Put it in the oven for 30 minutes.Add some vinegar\", \"Start by slicing the vegetables and the meat.\", \"To serve, divide hot cooked rice mixture between 3 serving bowls and top each bowl with 1/3 of the vegetable mixture and a fried egg. Serve sweet red chili sauce on the side for mixing into bibimbap.\", \"Wash your hands and make sure your kitchen and tools are clean.\", \"Spoon a rounded 1/2 cup bean mixture down the center of each tortilla. Fold sides over filling and roll up. Place enchiladas seam side down in baking dish; spoon salsa over each tortilla. Cover baking dish with aluminum foil.\", \"Mash the ingredients into a paste. Add some water if it gets too thick\"]", 
            "servings": 8, 
            "duration": "2:45:00"
        }, 
        "model": "main.recipe", 
        "pk": 23
    }, 
    {
        "fields": {
            "image": "recipeimages/2.jpg", 
            "recipe": 23
        }, 
        "model": "main.recipeimage", 
        "pk": 115
    }, 
    {
        "fields": {
            "image": "recipeimages/9.jpg", 
            "recipe": 23
        }, 
        "model": "main.recipeimage", 
        "pk": 116
    }, 
    {
        "fields": {
            "amount": 14, 
            "recipe": 24, 
            "ingredient": 19296
        }, 
        "model": "main.recipeingredient", 
        "pk": 19542
    }, 
    {
        "fields": {
            "amount": 12, 
            "recipe": 24, 
            "ingredient": 1145
        }, 
        "model": "main.recipeingredient", 
        "pk": 1391
    }, 
    {
        "fields": {
            "amount": 20, 
            "recipe": 24, 
            "ingredient": 15076
        }, 
        "model": "main.recipeingredient", 
        "pk": 15322
    }, 
    {
        "fields": {
            "amount": 18, 
            "recipe": 24, 
            "ingredient": 1012047
        }, 
        "model": "main.recipeingredient", 
        "pk": 1012293
    }, 
    {
        "fields": {
            "amount": 11, 
            "recipe": 24, 
            "ingredient": 98856
        }, 
        "model": "main.recipeingredient", 
        "pk": 99102
    }, 
    {
        "fields": {
            "amount": 18, 
            "recipe": 24, 
            "ingredient": 19314
        }, 
        "model": "main.recipeingredient", 
        "pk": 19560
    }, 
    {
        "fields": {
            "description": "This is one of my all-time favourite recipes. I just love Black Bean and Rice Enchiladas on weekends!", 
            "creator": 8, 
            "title": "Black Bean and Rice Enchiladas", 
            "creation_time": "09:23:15", 
            "creation_date": "2016-02-02", 
            "average_rating": 4.23, 
            "rating_count": 24, 
            "steps": "[\"Put it in the oven for 30 minutes.Add some vinegar\", \"Start by slicing the vegetables and the meat.\", \"To serve, divide hot cooked rice mixture between 3 serving bowls and top each bowl with 1/3 of the vegetable mixture and a fried egg. Serve sweet red chili sauce on the side for mixing into bibimbap.\", \"Wash your hands and make sure your kitchen and tools are clean.\", \"Spoon a rounded 1/2 cup bean mixture down the center of each tortilla. Fold sides over filling and roll up. Place enchiladas seam side down in baking dish; spoon salsa over each tortilla. Cover baking dish with aluminum foil.\", \"Mash the ingredients into a paste. Add some water if it gets too thick\"]", 
            "servings": 8, 
            "duration": "2:45:00"
        }, 
        "model": "main.recipe", 
        "pk": 24
    }, 
    {
        "fields": {
            "image": "recipeimages/4.jpg", 
            "recipe": 24
        }, 
        "model": "main.recipeimage", 
        "pk": 120
    }, 
    {
        "fields": {
            "username": "user9", 
            "first_name": "", 
            "last_name": "", 
            "is_active": true, 
            "is_superuser": false, 
            "is_staff": false, 
            "last_login": "2016-11-09T18:08:23.137Z", 
            "groups": [], 
            "user_permissions": [], 
            "password": "pbkdf2_sha256$30000$qwdCTXISuS1t$CyHx8U8Q7b/JlX24lOqbUXm+n2BrwNfHVzqNL3GkWs4=", 
            "email": "user9@cookit.com", 
            "date_joined": "2016-11-09T18:08:13.734Z"
        }, 
        "model": "auth.user", 
        "pk": 9
    }, 
    {
        "fields": {
            "favourite_recipes": [
                1, 
                2, 
                3, 
                4, 
                5, 
                6, 
                7, 
                8
            ], 
            "favourite_users": [
                1, 
                2, 
                3, 
                4, 
                5, 
                6, 
                7, 
                8
            ], 
            "description": "Internationally renowned, multi-Michelin starred chef Gordon Ramsay has opened a string of successful restaurants across the globe, from the UK and France to Singapore and Hong Kong, to the United States. Gordon has also become a star of the small screen both in the UK and internationally, with shows such as Kitchen Nightmares, Hell's Kitchen, Hotel Hell and MasterChef US.", 
            "user": 9
        }, 
        "model": "main.useraccount", 
        "pk": 9
    }, 
    {
        "fields": {
            "infinite": false, 
            "amount": 12, 
            "user_account": 9, 
            "ingredient": 1145
        }, 
        "model": "main.useringredient", 
        "pk": 1385
    }, 
    {
        "fields": {
            "infinite": false, 
            "amount": 12, 
            "user_account": 9, 
            "ingredient": 10011355
        }, 
        "model": "main.useringredient", 
        "pk": 10011595
    }, 
    {
        "fields": {
            "infinite": false, 
            "amount": 8, 
            "user_account": 9, 
            "ingredient": 11957
        }, 
        "model": "main.useringredient", 
        "pk": 12197
    }, 
    {
        "fields": {
            "infinite": false, 
            "amount": 8, 
            "user_account": 9, 
            "ingredient": 9152
        }, 
        "model": "main.useringredient", 
        "pk": 9392
    }, 
    {
        "fields": {
            "infinite": false, 
            "amount": 9, 
            "user_account": 9, 
            "ingredient": 9252
        }, 
        "model": "main.useringredient", 
        "pk": 9492
    }, 
    {
        "fields": {
            "infinite": false, 
            "amount": 6, 
            "user_account": 9, 
            "ingredient": 18371
        }, 
        "model": "main.useringredient", 
        "pk": 18611
    }, 
    {
        "fields": {
            "infinite": false, 
            "amount": 10, 
            "user_account": 9, 
            "ingredient": 11215
        }, 
        "model": "main.useringredient", 
        "pk": 11455
    }, 
    {
        "fields": {
            "infinite": false, 
            "amount": 12, 
            "user_account": 9, 
            "ingredient": 1002030
        }, 
        "model": "main.useringredient", 
        "pk": 1002270
    }, 
    {
        "fields": {
            "infinite": false, 
            "amount": 17, 
            "user_account": 9, 
            "ingredient": 11887
        }, 
        "model": "main.useringredient", 
        "pk": 12127
    }, 
    {
        "fields": {
            "infinite": false, 
            "amount": 18, 
            "user_account": 9, 
            "ingredient": 18632
        }, 
        "model": "main.useringredient", 
        "pk": 18872
    }, 
    {
        "fields": {
            "infinite": false, 
            "amount": 20, 
            "user_account": 9, 
            "ingredient": 2023
        }, 
        "model": "main.useringredient", 
        "pk": 2263
    }, 
    {
        "fields": {
            "amount": 6, 
            "recipe": 25, 
            "ingredient": 9252
        }, 
        "model": "main.recipeingredient", 
        "pk": 9524
    }, 
    {
        "fields": {
            "amount": 10, 
            "recipe": 25, 
            "ingredient": 11529
        }, 
        "model": "main.recipeingredient", 
        "pk": 11801
    }, 
    {
        "fields": {
            "amount": 18, 
            "recipe": 25, 
            "ingredient": 93633
        }, 
        "model": "main.recipeingredient", 
        "pk": 93905
    }, 
    {
        "fields": {
            "amount": 17, 
            "recipe": 25, 
            "ingredient": 2064
        }, 
        "model": "main.recipeingredient", 
        "pk": 2336
    }, 
    {
        "fields": {
            "description": "This is one of my all-time favourite recipes. I just love Shrimp Francesca on weekends!", 
            "creator": 9, 
            "title": "Shrimp Francesca", 
            "creation_time": "09:23:15", 
            "creation_date": "2016-02-02", 
            "average_rating": 3.23, 
            "rating_count": 9, 
            "steps": "[\"Pour beaten eggs into a shallow dish or bowl. In another shallow dish or bowl, mix together the grated Parmesan cheese and bread crumbs. Dip chicken breasts into beaten egg, then into bread crumb mixture to coat.\", \"Stir cooked rice, green onions, soy sauce, and black pepper in the same skillet until the rice is hot. In a separate skillet over medium heat, melt butter and gently fry eggs, turning once, until the yolks are still slightly runny but the egg whites are firm, about 3 minutes per egg.\", \"Take all the ingredients in front of you.\"]", 
            "servings": 9, 
            "duration": "0:03:00"
        }, 
        "model": "main.recipe", 
        "pk": 25
    }, 
    {
        "fields": {
            "image": "recipeimages/10.jpg", 
            "recipe": 25
        }, 
        "model": "main.recipeimage", 
        "pk": 125
    }, 
    {
        "fields": {
            "image": "recipeimages/4.jpg", 
            "recipe": 25
        }, 
        "model": "main.recipeimage", 
        "pk": 126
    }, 
    {
        "fields": {
            "amount": 12, 
            "recipe": 26, 
            "ingredient": 15076
        }, 
        "model": "main.recipeingredient", 
        "pk": 15352
    }, 
    {
        "fields": {
            "amount": 13, 
            "recipe": 26, 
            "ingredient": 2035
        }, 
        "model": "main.recipeingredient", 
        "pk": 2311
    }, 
    {
        "fields": {
            "amount": 16, 
            "recipe": 26, 
            "ingredient": 19335
        }, 
        "model": "main.recipeingredient", 
        "pk": 19611
    }, 
    {
        "fields": {
            "amount": 11, 
            "recipe": 26, 
            "ingredient": 1042047
        }, 
        "model": "main.recipeingredient", 
        "pk": 1042323
    }, 
    {
        "fields": {
            "amount": 16, 
            "recipe": 26, 
            "ingredient": 1145
        }, 
        "model": "main.recipeingredient", 
        "pk": 1421
    }, 
    {
        "fields": {
            "amount": 20, 
            "recipe": 26, 
            "ingredient": 5665
        }, 
        "model": "main.recipeingredient", 
        "pk": 5941
    }, 
    {
        "fields": {
            "description": "This is one of my all-time favourite recipes. I just love Lasagna Roll Ups on weekends!", 
            "creator": 9, 
            "title": "Lasagna Roll Ups", 
            "creation_time": "09:23:15", 
            "creation_date": "2016-02-02", 
            "average_rating": 3.23, 
            "rating_count": 18, 
            "steps": "[\"Pour beaten eggs into a shallow dish or bowl. In another shallow dish or bowl, mix together the grated Parmesan cheese and bread crumbs. Dip chicken breasts into beaten egg, then into bread crumb mixture to coat.\", \"Stir cooked rice, green onions, soy sauce, and black pepper in the same skillet until the rice is hot. In a separate skillet over medium heat, melt butter and gently fry eggs, turning once, until the yolks are still slightly runny but the egg whites are firm, about 3 minutes per egg.\", \"Take all the ingredients in front of you.\"]", 
            "servings": 9, 
            "duration": "0:03:00"
        }, 
        "model": "main.recipe", 
        "pk": 26
    }, 
    {
        "fields": {
            "amount": 18, 
            "recipe": 27, 
            "ingredient": 93830
        }, 
        "model": "main.recipeingredient", 
        "pk": 94110
    }, 
    {
        "fields": {
            "amount": 18, 
            "recipe": 27, 
            "ingredient": 19335
        }, 
        "model": "main.recipeingredient", 
        "pk": 19615
    }, 
    {
        "fields": {
            "amount": 16, 
            "recipe": 27, 
            "ingredient": 1002030
        }, 
        "model": "main.recipeingredient", 
        "pk": 1002310
    }, 
    {
        "fields": {
            "description": "This is one of my all-time favourite recipes. I just love Vegetarian Bibimbap on weekends!", 
            "creator": 9, 
            "title": "Vegetarian Bibimbap", 
            "creation_time": "09:23:15", 
            "creation_date": "2016-02-02", 
            "average_rating": 1.23, 
            "rating_count": 27, 
            "steps": "[\"Pour beaten eggs into a shallow dish or bowl. In another shallow dish or bowl, mix together the grated Parmesan cheese and bread crumbs. Dip chicken breasts into beaten egg, then into bread crumb mixture to coat.\", \"Stir cooked rice, green onions, soy sauce, and black pepper in the same skillet until the rice is hot. In a separate skillet over medium heat, melt butter and gently fry eggs, turning once, until the yolks are still slightly runny but the egg whites are firm, about 3 minutes per egg.\", \"Take all the ingredients in front of you.\"]", 
            "servings": 9, 
            "duration": "0:03:00"
        }, 
        "model": "main.recipe", 
        "pk": 27
    }, 
    {
        "fields": {
            "username": "user10", 
            "first_name": "", 
            "last_name": "", 
            "is_active": true, 
            "is_superuser": false, 
            "is_staff": false, 
            "last_login": "2016-11-09T18:08:23.137Z", 
            "groups": [], 
            "user_permissions": [], 
            "password": "pbkdf2_sha256$30000$qwdCTXISuS1t$CyHx8U8Q7b/JlX24lOqbUXm+n2BrwNfHVzqNL3GkWs4=", 
            "email": "user10@cookit.com", 
            "date_joined": "2016-11-09T18:08:13.734Z"
        }, 
        "model": "auth.user", 
        "pk": 10
    }, 
    {
        "fields": {
            "favourite_recipes": [
                1, 
                2, 
                3, 
                4, 
                5, 
                6, 
                7, 
                8, 
                9
            ], 
            "favourite_users": [
                1, 
                2, 
                3, 
                4, 
                5, 
                6, 
                7, 
                8, 
                9
            ], 
            "description": "Internationally renowned, multi-Michelin starred chef Gordon Ramsay has opened a string of successful restaurants across the globe, from the UK and France to Singapore and Hong Kong, to the United States. Gordon has also become a star of the small screen both in the UK and internationally, with shows such as Kitchen Nightmares, Hell's Kitchen, Hotel Hell and MasterChef US.", 
            "user": 10
        }, 
        "model": "main.useraccount", 
        "pk": 10
    }, 
    {
        "fields": {
            "infinite": false, 
            "amount": 14, 
            "user_account": 10, 
            "ingredient": 1038
        }, 
        "model": "main.useringredient", 
        "pk": 1308
    }, 
    {
        "fields": {
            "infinite": false, 
            "amount": 6, 
            "user_account": 10, 
            "ingredient": 6150
        }, 
        "model": "main.useringredient", 
        "pk": 6420
    }, 
    {
        "fields": {
            "infinite": false, 
            "amount": 14, 
            "user_account": 10, 
            "ingredient": 1145
        }, 
        "model": "main.useringredient", 
        "pk": 1415
    }, 
    {
        "fields": {
            "infinite": false, 
            "amount": 8, 
            "user_account": 10, 
            "ingredient": 14412
        }, 
        "model": "main.useringredient", 
        "pk": 14682
    }, 
    {
        "fields": {
            "infinite": false, 
            "amount": 9, 
            "user_account": 10, 
            "ingredient": 18079
        }, 
        "model": "main.useringredient", 
        "pk": 18349
    }, 
    {
        "fields": {
            "infinite": false, 
            "amount": 4, 
            "user_account": 10, 
            "ingredient": 93677
        }, 
        "model": "main.useringredient", 
        "pk": 93947
    }, 
    {
        "fields": {
            "infinite": false, 
            "amount": 12, 
            "user_account": 10, 
            "ingredient": 12131
        }, 
        "model": "main.useringredient", 
        "pk": 12401
    }, 
    {
        "fields": {
            "infinite": false, 
            "amount": 10, 
            "user_account": 10, 
            "ingredient": 11677
        }, 
        "model": "main.useringredient", 
        "pk": 11947
    }, 
    {
        "fields": {
            "infinite": false, 
            "amount": 13, 
            "user_account": 10, 
            "ingredient": 11529
        }, 
        "model": "main.useringredient", 
        "pk": 11799
    }, 
    {
        "fields": {
            "infinite": false, 
            "amount": 18, 
            "user_account": 10, 
            "ingredient": 10011333
        }, 
        "model": "main.useringredient", 
        "pk": 10011603
    }, 
    {
        "fields": {
            "infinite": false, 
            "amount": 18, 
            "user_account": 10, 
            "ingredient": 42040
        }, 
        "model": "main.useringredient", 
        "pk": 42310
    }, 
    {
        "fields": {
            "infinite": false, 
            "amount": 4, 
            "user_account": 10, 
            "ingredient": 2050
        }, 
        "model": "main.useringredient", 
        "pk": 2320
    }, 
    {
        "fields": {
            "infinite": false, 
            "amount": 13, 
            "user_account": 10, 
            "ingredient": 9252
        }, 
        "model": "main.useringredient", 
        "pk": 9522
    }, 
    {
        "fields": {
            "infinite": false, 
            "amount": 7, 
            "user_account": 10, 
            "ingredient": 1002046
        }, 
        "model": "main.useringredient", 
        "pk": 1002316
    }, 
    {
        "fields": {
            "infinite": false, 
            "amount": 13, 
            "user_account": 10, 
            "ingredient": 6615
        }, 
        "model": "main.useringredient", 
        "pk": 6885
    }, 
    {
        "fields": {
            "infinite": false, 
            "amount": 10, 
            "user_account": 10, 
            "ingredient": 2047
        }, 
        "model": "main.useringredient", 
        "pk": 2317
    }, 
    {
        "fields": {
            "infinite": false, 
            "amount": 12, 
            "user_account": 10, 
            "ingredient": 9037
        }, 
        "model": "main.useringredient", 
        "pk": 9307
    }, 
    {
        "fields": {
            "infinite": false, 
            "amount": 11, 
            "user_account": 10, 
            "ingredient": 19335
        }, 
        "model": "main.useringredient", 
        "pk": 19605
    }, 
    {
        "fields": {
            "infinite": false, 
            "amount": 7, 
            "user_account": 10, 
            "ingredient": 1034053
        }, 
        "model": "main.useringredient", 
        "pk": 1034323
    }, 
    {
        "fields": {
            "infinite": false, 
            "amount": 13, 
            "user_account": 10, 
            "ingredient": 9200
        }, 
        "model": "main.useringredient", 
        "pk": 9470
    }, 
    {
        "fields": {
            "amount": 18, 
            "recipe": 28, 
            "ingredient": 10011529
        }, 
        "model": "main.recipeingredient", 
        "pk": 10011835
    }, 
    {
        "fields": {
            "amount": 17, 
            "recipe": 28, 
            "ingredient": 18372
        }, 
        "model": "main.recipeingredient", 
        "pk": 18678
    }, 
    {
        "fields": {
            "amount": 4, 
            "recipe": 28, 
            "ingredient": 10123
        }, 
        "model": "main.recipeingredient", 
        "pk": 10429
    }, 
    {
        "fields": {
            "description": "This is one of my all-time favourite recipes. I just love Lasagna Roll Ups on weekends!", 
            "creator": 10, 
            "title": "Lasagna Roll Ups", 
            "creation_time": "09:23:15", 
            "creation_date": "2016-02-02", 
            "average_rating": 3.23, 
            "rating_count": 10, 
            "steps": "[\"Put it in the oven for 30 minutes.Add some vinegar\", \"Spoon a rounded 1/2 cup bean mixture down the center of each tortilla. Fold sides over filling and roll up. Place enchiladas seam side down in baking dish; spoon salsa over each tortilla. Cover baking dish with aluminum foil.\", \"Season the ingredients with pepper.\"]", 
            "servings": 10, 
            "duration": "1:32:00"
        }, 
        "model": "main.recipe", 
        "pk": 28
    }, 
    {
        "fields": {
            "amount": 18, 
            "recipe": 29, 
            "ingredient": 1123
        }, 
        "model": "main.recipeingredient", 
        "pk": 1433
    }, 
    {
        "fields": {
            "amount": 7, 
            "recipe": 29, 
            "ingredient": 2050
        }, 
        "model": "main.recipeingredient", 
        "pk": 2360
    }, 
    {
        "fields": {
            "amount": 15, 
            "recipe": 29, 
            "ingredient": 18372
        }, 
        "model": "main.recipeingredient", 
        "pk": 18682
    }, 
    {
        "fields": {
            "amount": 7, 
            "recipe": 29, 
            "ingredient": 19334
        }, 
        "model": "main.recipeingredient", 
        "pk": 19644
    }, 
    {
        "fields": {
            "amount": 7, 
            "recipe": 29, 
            "ingredient": 11143
        }, 
        "model": "main.recipeingredient", 
        "pk": 11453
    }, 
    {
        "fields": {
            "description": "This is one of my all-time favourite recipes. I just love Scrambled Eggs Done Right on weekends!", 
            "creator": 10, 
            "title": "Scrambled Eggs Done Right", 
            "creation_time": "09:23:15", 
            "creation_date": "2016-02-02", 
            "average_rating": 2.23, 
            "rating_count": 20, 
            "steps": "[\"Put it in the oven for 30 minutes.Add some vinegar\", \"Spoon a rounded 1/2 cup bean mixture down the center of each tortilla. Fold sides over filling and roll up. Place enchiladas seam side down in baking dish; spoon salsa over each tortilla. Cover baking dish with aluminum foil.\", \"Season the ingredients with pepper.\"]", 
            "servings": 10, 
            "duration": "1:32:00"
        }, 
        "model": "main.recipe", 
        "pk": 29
    }, 
    {
        "fields": {
            "image": "recipeimages/10.jpg", 
            "recipe": 29
        }, 
        "model": "main.recipeimage", 
        "pk": 145
    }, 
    {
        "fields": {
            "amount": 18, 
            "recipe": 30, 
            "ingredient": 1033
        }, 
        "model": "main.recipeingredient", 
        "pk": 1347
    }, 
    {
        "fields": {
            "amount": 7, 
            "recipe": 30, 
            "ingredient": 19340
        }, 
        "model": "main.recipeingredient", 
        "pk": 19654
    }, 
    {
        "fields": {
            "amount": 6, 
            "recipe": 30, 
            "ingredient": 10111251
        }, 
        "model": "main.recipeingredient", 
        "pk": 10111565
    }, 
    {
        "fields": {
            "description": "This is one of my all-time favourite recipes. I just love Ham Casserole on weekends!", 
            "creator": 10, 
            "title": "Ham Casserole", 
            "creation_time": "09:23:15", 
            "creation_date": "2016-02-02", 
            "average_rating": 1.23, 
            "rating_count": 30, 
            "steps": "[\"Put it in the oven for 30 minutes.Add some vinegar\", \"Spoon a rounded 1/2 cup bean mixture down the center of each tortilla. Fold sides over filling and roll up. Place enchiladas seam side down in baking dish; spoon salsa over each tortilla. Cover baking dish with aluminum foil.\", \"Season the ingredients with pepper.\"]", 
            "servings": 10, 
            "duration": "1:32:00"
        }, 
        "model": "main.recipe", 
        "pk": 30
    }, 
    {
        "fields": {
            "image": "recipeimages/7.jpg", 
            "recipe": 30
        }, 
        "model": "main.recipeimage", 
        "pk": 150
    }, 
    {
        "fields": {
            "image": "recipeimages/2.jpg", 
            "recipe": 30
        }, 
        "model": "main.recipeimage", 
        "pk": 151
    }, 
    {
        "fields": {
            "image": "recipeimages/5.jpg", 
            "recipe": 30
        }, 
        "model": "main.recipeimage", 
        "pk": 152
    }, 
    {
        "fields": {
            "cooking_time": "11:01:46", 
            "cooking_date": "2016-09-04", 
            "recipe": 9, 
            "serving_count": 5, 
            "user_account": 1
        }, 
        "model": "main.cookedrecipe", 
        "pk": 1
    }, 
    {
        "fields": {
            "user_rating": 1, 
            "recipe": 9, 
            "user_account": 1
        }, 
        "model": "main.ratedrecipe", 
        "pk": 1
    }, 
    {
        "fields": {
            "cooking_time": "11:01:46", 
            "cooking_date": "2016-09-04", 
            "recipe": 12, 
            "serving_count": 1, 
            "user_account": 1
        }, 
        "model": "main.cookedrecipe", 
        "pk": 2
    }, 
    {
        "fields": {
            "user_rating": 5, 
            "recipe": 12, 
            "user_account": 1
        }, 
        "model": "main.ratedrecipe", 
        "pk": 2
    }, 
    {
        "fields": {
            "cooking_time": "11:01:46", 
            "cooking_date": "2016-09-04", 
            "recipe": 27, 
            "serving_count": 3, 
            "user_account": 1
        }, 
        "model": "main.cookedrecipe", 
        "pk": 3
    }, 
    {
        "fields": {
            "user_rating": 5, 
            "recipe": 27, 
            "user_account": 1
        }, 
        "model": "main.ratedrecipe", 
        "pk": 3
    }, 
    {
        "fields": {
            "cooking_time": "11:01:46", 
            "cooking_date": "2016-09-04", 
            "recipe": 11, 
            "serving_count": 1, 
            "user_account": 1
        }, 
        "model": "main.cookedrecipe", 
        "pk": 4
    }, 
    {
        "fields": {
            "user_rating": 2, 
            "recipe": 11, 
            "user_account": 1
        }, 
        "model": "main.ratedrecipe", 
        "pk": 4
    }, 
    {
        "fields": {
            "cooking_time": "11:01:46", 
            "cooking_date": "2016-09-04", 
            "recipe": 2, 
            "serving_count": 5, 
            "user_account": 1
        }, 
        "model": "main.cookedrecipe", 
        "pk": 5
    }, 
    {
        "fields": {
            "user_rating": 1, 
            "recipe": 2, 
            "user_account": 1
        }, 
        "model": "main.ratedrecipe", 
        "pk": 5
    }, 
    {
        "fields": {
            "cooking_time": "11:01:46", 
            "cooking_date": "2016-09-04", 
            "recipe": 24, 
            "serving_count": 6, 
            "user_account": 1
        }, 
        "model": "main.cookedrecipe", 
        "pk": 6
    }, 
    {
        "fields": {
            "user_rating": 1, 
            "recipe": 24, 
            "user_account": 1
        }, 
        "model": "main.ratedrecipe", 
        "pk": 6
    }, 
    {
        "fields": {
            "cooking_time": "11:01:46", 
            "cooking_date": "2016-09-04", 
            "recipe": 19, 
            "serving_count": 6, 
            "user_account": 1
        }, 
        "model": "main.cookedrecipe", 
        "pk": 7
    }, 
    {
        "fields": {
            "user_rating": 3, 
            "recipe": 19, 
            "user_account": 1
        }, 
        "model": "main.ratedrecipe", 
        "pk": 7
    }, 
    {
        "fields": {
            "cooking_time": "11:01:46", 
            "cooking_date": "2016-09-04", 
            "recipe": 23, 
            "serving_count": 4, 
            "user_account": 1
        }, 
        "model": "main.cookedrecipe", 
        "pk": 8
    }, 
    {
        "fields": {
            "user_rating": 3, 
            "recipe": 23, 
            "user_account": 1
        }, 
        "model": "main.ratedrecipe", 
        "pk": 8
    }, 
    {
        "fields": {
            "cooking_time": "11:01:46", 
            "cooking_date": "2016-09-04", 
            "recipe": 14, 
            "serving_count": 1, 
            "user_account": 2
        }, 
        "model": "main.cookedrecipe", 
        "pk": 11
    }, 
    {
        "fields": {
            "user_rating": 4, 
            "recipe": 14, 
            "user_account": 2
        }, 
        "model": "main.ratedrecipe", 
        "pk": 11
    }, 
    {
        "fields": {
            "cooking_time": "11:01:46", 
            "cooking_date": "2016-09-04", 
            "recipe": 22, 
            "serving_count": 5, 
            "user_account": 2
        }, 
        "model": "main.cookedrecipe", 
        "pk": 12
    }, 
    {
        "fields": {
            "user_rating": 3, 
            "recipe": 22, 
            "user_account": 2
        }, 
        "model": "main.ratedrecipe", 
        "pk": 12
    }, 
    {
        "fields": {
            "cooking_time": "11:01:46", 
            "cooking_date": "2016-09-04", 
            "recipe": 20, 
            "serving_count": 2, 
            "user_account": 2
        }, 
        "model": "main.cookedrecipe", 
        "pk": 13
    }, 
    {
        "fields": {
            "user_rating": 2, 
            "recipe": 20, 
            "user_account": 2
        }, 
        "model": "main.ratedrecipe", 
        "pk": 13
    }, 
    {
        "fields": {
            "cooking_time": "11:01:46", 
            "cooking_date": "2016-09-04", 
            "recipe": 18, 
            "serving_count": 3, 
            "user_account": 3
        }, 
        "model": "main.cookedrecipe", 
        "pk": 21
    }, 
    {
        "fields": {
            "user_rating": 1, 
            "recipe": 18, 
            "user_account": 3
        }, 
        "model": "main.ratedrecipe", 
        "pk": 21
    }, 
    {
        "fields": {
            "cooking_time": "11:01:46", 
            "cooking_date": "2016-09-04", 
            "recipe": 8, 
            "serving_count": 3, 
            "user_account": 3
        }, 
        "model": "main.cookedrecipe", 
        "pk": 22
    }, 
    {
        "fields": {
            "user_rating": 1, 
            "recipe": 8, 
            "user_account": 3
        }, 
        "model": "main.ratedrecipe", 
        "pk": 22
    }, 
    {
        "fields": {
            "cooking_time": "11:01:46", 
            "cooking_date": "2016-09-04", 
            "recipe": 17, 
            "serving_count": 5, 
            "user_account": 3
        }, 
        "model": "main.cookedrecipe", 
        "pk": 23
    }, 
    {
        "fields": {
            "user_rating": 4, 
            "recipe": 17, 
            "user_account": 3
        }, 
        "model": "main.ratedrecipe", 
        "pk": 23
    }, 
    {
        "fields": {
            "cooking_time": "11:01:46", 
            "cooking_date": "2016-09-04", 
            "recipe": 27, 
            "serving_count": 1, 
            "user_account": 3
        }, 
        "model": "main.cookedrecipe", 
        "pk": 24
    }, 
    {
        "fields": {
            "user_rating": 2, 
            "recipe": 27, 
            "user_account": 3
        }, 
        "model": "main.ratedrecipe", 
        "pk": 24
    }, 
    {
        "fields": {
            "cooking_time": "11:01:46", 
            "cooking_date": "2016-09-04", 
            "recipe": 29, 
            "serving_count": 4, 
            "user_account": 3
        }, 
        "model": "main.cookedrecipe", 
        "pk": 25
    }, 
    {
        "fields": {
            "user_rating": 4, 
            "recipe": 29, 
            "user_account": 3
        }, 
        "model": "main.ratedrecipe", 
        "pk": 25
    }, 
    {
        "fields": {
            "cooking_time": "11:01:46", 
            "cooking_date": "2016-09-04", 
            "recipe": 1, 
            "serving_count": 3, 
            "user_account": 4
        }, 
        "model": "main.cookedrecipe", 
        "pk": 31
    }, 
    {
        "fields": {
            "user_rating": 2, 
            "recipe": 1, 
            "user_account": 4
        }, 
        "model": "main.ratedrecipe", 
        "pk": 31
    }, 
    {
        "fields": {
            "cooking_time": "11:01:46", 
            "cooking_date": "2016-09-04", 
            "recipe": 12, 
            "serving_count": 2, 
            "user_account": 4
        }, 
        "model": "main.cookedrecipe", 
        "pk": 32
    }, 
    {
        "fields": {
            "user_rating": 3, 
            "recipe": 12, 
            "user_account": 4
        }, 
        "model": "main.ratedrecipe", 
        "pk": 32
    }, 
    {
        "fields": {
            "cooking_time": "11:01:46", 
            "cooking_date": "2016-09-04", 
            "recipe": 23, 
            "serving_count": 5, 
            "user_account": 4
        }, 
        "model": "main.cookedrecipe", 
        "pk": 33
    }, 
    {
        "fields": {
            "user_rating": 1, 
            "recipe": 23, 
            "user_account": 4
        }, 
        "model": "main.ratedrecipe", 
        "pk": 33
    }, 
    {
        "fields": {
            "cooking_time": "11:01:46", 
            "cooking_date": "2016-09-04", 
            "recipe": 27, 
            "serving_count": 6, 
            "user_account": 4
        }, 
        "model": "main.cookedrecipe", 
        "pk": 34
    }, 
    {
        "fields": {
            "user_rating": 1, 
            "recipe": 27, 
            "user_account": 4
        }, 
        "model": "main.ratedrecipe", 
        "pk": 34
    }, 
    {
        "fields": {
            "cooking_time": "11:01:46", 
            "cooking_date": "2016-09-04", 
            "recipe": 21, 
            "serving_count": 5, 
            "user_account": 4
        }, 
        "model": "main.cookedrecipe", 
        "pk": 35
    }, 
    {
        "fields": {
            "user_rating": 3, 
            "recipe": 21, 
            "user_account": 4
        }, 
        "model": "main.ratedrecipe", 
        "pk": 35
    }, 
    {
        "fields": {
            "cooking_time": "11:01:46", 
            "cooking_date": "2016-09-04", 
            "recipe": 14, 
            "serving_count": 5, 
            "user_account": 4
        }, 
        "model": "main.cookedrecipe", 
        "pk": 36
    }, 
    {
        "fields": {
            "user_rating": 2, 
            "recipe": 14, 
            "user_account": 4
        }, 
        "model": "main.ratedrecipe", 
        "pk": 36
    }, 
    {
        "fields": {
            "cooking_time": "11:01:46", 
            "cooking_date": "2016-09-04", 
            "recipe": 5, 
            "serving_count": 1, 
            "user_account": 4
        }, 
        "model": "main.cookedrecipe", 
        "pk": 37
    }, 
    {
        "fields": {
            "user_rating": 4, 
            "recipe": 5, 
            "user_account": 4
        }, 
        "model": "main.ratedrecipe", 
        "pk": 37
    }, 
    {
        "fields": {
            "cooking_time": "11:01:46", 
            "cooking_date": "2016-09-04", 
            "recipe": 19, 
            "serving_count": 3, 
            "user_account": 4
        }, 
        "model": "main.cookedrecipe", 
        "pk": 38
    }, 
    {
        "fields": {
            "user_rating": 1, 
            "recipe": 19, 
            "user_account": 4
        }, 
        "model": "main.ratedrecipe", 
        "pk": 38
    }, 
    {
        "fields": {
            "cooking_time": "11:01:46", 
            "cooking_date": "2016-09-04", 
            "recipe": 9, 
            "serving_count": 4, 
            "user_account": 4
        }, 
        "model": "main.cookedrecipe", 
        "pk": 39
    }, 
    {
        "fields": {
            "user_rating": 3, 
            "recipe": 9, 
            "user_account": 4
        }, 
        "model": "main.ratedrecipe", 
        "pk": 39
    }, 
    {
        "fields": {
            "cooking_time": "11:01:46", 
            "cooking_date": "2016-09-04", 
            "recipe": 20, 
            "serving_count": 1, 
            "user_account": 4
        }, 
        "model": "main.cookedrecipe", 
        "pk": 40
    }, 
    {
        "fields": {
            "user_rating": 2, 
            "recipe": 20, 
            "user_account": 4
        }, 
        "model": "main.ratedrecipe", 
        "pk": 40
    }, 
    {
        "fields": {
            "cooking_time": "11:01:46", 
            "cooking_date": "2016-09-04", 
            "recipe": 3, 
            "serving_count": 1, 
            "user_account": 5
        }, 
        "model": "main.cookedrecipe", 
        "pk": 41
    }, 
    {
        "fields": {
            "user_rating": 3, 
            "recipe": 3, 
            "user_account": 5
        }, 
        "model": "main.ratedrecipe", 
        "pk": 41
    }, 
    {
        "fields": {
            "cooking_time": "11:01:46", 
            "cooking_date": "2016-09-04", 
            "recipe": 25, 
            "serving_count": 3, 
            "user_account": 5
        }, 
        "model": "main.cookedrecipe", 
        "pk": 42
    }, 
    {
        "fields": {
            "user_rating": 3, 
            "recipe": 25, 
            "user_account": 5
        }, 
        "model": "main.ratedrecipe", 
        "pk": 42
    }, 
    {
        "fields": {
            "cooking_time": "11:01:46", 
            "cooking_date": "2016-09-04", 
            "recipe": 6, 
            "serving_count": 6, 
            "user_account": 5
        }, 
        "model": "main.cookedrecipe", 
        "pk": 43
    }, 
    {
        "fields": {
            "user_rating": 4, 
            "recipe": 6, 
            "user_account": 5
        }, 
        "model": "main.ratedrecipe", 
        "pk": 43
    }, 
    {
        "fields": {
            "cooking_time": "11:01:46", 
            "cooking_date": "2016-09-04", 
            "recipe": 4, 
            "serving_count": 3, 
            "user_account": 5
        }, 
        "model": "main.cookedrecipe", 
        "pk": 44
    }, 
    {
        "fields": {
            "user_rating": 5, 
            "recipe": 4, 
            "user_account": 5
        }, 
        "model": "main.ratedrecipe", 
        "pk": 44
    }, 
    {
        "fields": {
            "cooking_time": "11:01:46", 
            "cooking_date": "2016-09-04", 
            "recipe": 28, 
            "serving_count": 3, 
            "user_account": 5
        }, 
        "model": "main.cookedrecipe", 
        "pk": 45
    }, 
    {
        "fields": {
            "user_rating": 3, 
            "recipe": 28, 
            "user_account": 5
        }, 
        "model": "main.ratedrecipe", 
        "pk": 45
    }, 
    {
        "fields": {
            "cooking_time": "11:01:46", 
            "cooking_date": "2016-09-04", 
            "recipe": 24, 
            "serving_count": 5, 
            "user_account": 5
        }, 
        "model": "main.cookedrecipe", 
        "pk": 46
    }, 
    {
        "fields": {
            "user_rating": 1, 
            "recipe": 24, 
            "user_account": 5
        }, 
        "model": "main.ratedrecipe", 
        "pk": 46
    }, 
    {
        "fields": {
            "cooking_time": "11:01:46", 
            "cooking_date": "2016-09-04", 
            "recipe": 11, 
            "serving_count": 5, 
            "user_account": 5
        }, 
        "model": "main.cookedrecipe", 
        "pk": 47
    }, 
    {
        "fields": {
            "user_rating": 4, 
            "recipe": 11, 
            "user_account": 5
        }, 
        "model": "main.ratedrecipe", 
        "pk": 47
    }, 
    {
        "fields": {
            "cooking_time": "11:01:46", 
            "cooking_date": "2016-09-04", 
            "recipe": 22, 
            "serving_count": 5, 
            "user_account": 5
        }, 
        "model": "main.cookedrecipe", 
        "pk": 48
    }, 
    {
        "fields": {
            "user_rating": 1, 
            "recipe": 22, 
            "user_account": 5
        }, 
        "model": "main.ratedrecipe", 
        "pk": 48
    }, 
    {
        "fields": {
            "cooking_time": "11:01:46", 
            "cooking_date": "2016-09-04", 
            "recipe": 20, 
            "serving_count": 4, 
            "user_account": 5
        }, 
        "model": "main.cookedrecipe", 
        "pk": 49
    }, 
    {
        "fields": {
            "user_rating": 3, 
            "recipe": 20, 
            "user_account": 5
        }, 
        "model": "main.ratedrecipe", 
        "pk": 49
    }, 
    {
        "fields": {
            "cooking_time": "11:01:46", 
            "cooking_date": "2016-09-04", 
            "recipe": 19, 
            "serving_count": 5, 
            "user_account": 6
        }, 
        "model": "main.cookedrecipe", 
        "pk": 51
    }, 
    {
        "fields": {
            "user_rating": 2, 
            "recipe": 19, 
            "user_account": 6
        }, 
        "model": "main.ratedrecipe", 
        "pk": 51
    }, 
    {
        "fields": {
            "cooking_time": "11:01:46", 
            "cooking_date": "2016-09-04", 
            "recipe": 14, 
            "serving_count": 2, 
            "user_account": 6
        }, 
        "model": "main.cookedrecipe", 
        "pk": 52
    }, 
    {
        "fields": {
            "user_rating": 4, 
            "recipe": 14, 
            "user_account": 6
        }, 
        "model": "main.ratedrecipe", 
        "pk": 52
    }, 
    {
        "fields": {
            "cooking_time": "11:01:46", 
            "cooking_date": "2016-09-04", 
            "recipe": 29, 
            "serving_count": 1, 
            "user_account": 6
        }, 
        "model": "main.cookedrecipe", 
        "pk": 53
    }, 
    {
        "fields": {
            "user_rating": 2, 
            "recipe": 29, 
            "user_account": 6
        }, 
        "model": "main.ratedrecipe", 
        "pk": 53
    }, 
    {
        "fields": {
            "cooking_time": "11:01:46", 
            "cooking_date": "2016-09-04", 
            "recipe": 18, 
            "serving_count": 3, 
            "user_account": 6
        }, 
        "model": "main.cookedrecipe", 
        "pk": 54
    }, 
    {
        "fields": {
            "user_rating": 5, 
            "recipe": 18, 
            "user_account": 6
        }, 
        "model": "main.ratedrecipe", 
        "pk": 54
    }, 
    {
        "fields": {
            "cooking_time": "11:01:46", 
            "cooking_date": "2016-09-04", 
            "recipe": 29, 
            "serving_count": 5, 
            "user_account": 7
        }, 
        "model": "main.cookedrecipe", 
        "pk": 61
    }, 
    {
        "fields": {
            "user_rating": 5, 
            "recipe": 29, 
            "user_account": 7
        }, 
        "model": "main.ratedrecipe", 
        "pk": 61
    }, 
    {
        "fields": {
            "cooking_time": "11:01:46", 
            "cooking_date": "2016-09-04", 
            "recipe": 6, 
            "serving_count": 4, 
            "user_account": 7
        }, 
        "model": "main.cookedrecipe", 
        "pk": 62
    }, 
    {
        "fields": {
            "user_rating": 2, 
            "recipe": 6, 
            "user_account": 7
        }, 
        "model": "main.ratedrecipe", 
        "pk": 62
    }, 
    {
        "fields": {
            "cooking_time": "11:01:46", 
            "cooking_date": "2016-09-04", 
            "recipe": 12, 
            "serving_count": 4, 
            "user_account": 7
        }, 
        "model": "main.cookedrecipe", 
        "pk": 63
    }, 
    {
        "fields": {
            "user_rating": 2, 
            "recipe": 12, 
            "user_account": 7
        }, 
        "model": "main.ratedrecipe", 
        "pk": 63
    }, 
    {
        "fields": {
            "cooking_time": "11:01:46", 
            "cooking_date": "2016-09-04", 
            "recipe": 10, 
            "serving_count": 4, 
            "user_account": 7
        }, 
        "model": "main.cookedrecipe", 
        "pk": 64
    }, 
    {
        "fields": {
            "user_rating": 4, 
            "recipe": 10, 
            "user_account": 7
        }, 
        "model": "main.ratedrecipe", 
        "pk": 64
    }, 
    {
        "fields": {
            "cooking_time": "11:01:46", 
            "cooking_date": "2016-09-04", 
            "recipe": 17, 
            "serving_count": 1, 
            "user_account": 7
        }, 
        "model": "main.cookedrecipe", 
        "pk": 65
    }, 
    {
        "fields": {
            "user_rating": 1, 
            "recipe": 17, 
            "user_account": 7
        }, 
        "model": "main.ratedrecipe", 
        "pk": 65
    }, 
    {
        "fields": {
            "cooking_time": "11:01:46", 
            "cooking_date": "2016-09-04", 
            "recipe": 17, 
            "serving_count": 1, 
            "user_account": 8
        }, 
        "model": "main.cookedrecipe", 
        "pk": 71
    }, 
    {
        "fields": {
            "user_rating": 5, 
            "recipe": 17, 
            "user_account": 8
        }, 
        "model": "main.ratedrecipe", 
        "pk": 71
    }, 
    {
        "fields": {
            "cooking_time": "11:01:46", 
            "cooking_date": "2016-09-04", 
            "recipe": 24, 
            "serving_count": 3, 
            "user_account": 8
        }, 
        "model": "main.cookedrecipe", 
        "pk": 72
    }, 
    {
        "fields": {
            "user_rating": 5, 
            "recipe": 24, 
            "user_account": 8
        }, 
        "model": "main.ratedrecipe", 
        "pk": 72
    }, 
    {
        "fields": {
            "cooking_time": "11:01:46", 
            "cooking_date": "2016-09-04", 
            "recipe": 29, 
            "serving_count": 2, 
            "user_account": 8
        }, 
        "model": "main.cookedrecipe", 
        "pk": 73
    }, 
    {
        "fields": {
            "user_rating": 5, 
            "recipe": 29, 
            "user_account": 8
        }, 
        "model": "main.ratedrecipe", 
        "pk": 73
    }, 
    {
        "fields": {
            "cooking_time": "11:01:46", 
            "cooking_date": "2016-09-04", 
            "recipe": 3, 
            "serving_count": 1, 
            "user_account": 8
        }, 
        "model": "main.cookedrecipe", 
        "pk": 74
    }, 
    {
        "fields": {
            "user_rating": 2, 
            "recipe": 3, 
            "user_account": 8
        }, 
        "model": "main.ratedrecipe", 
        "pk": 74
    }, 
    {
        "fields": {
            "cooking_time": "11:01:46", 
            "cooking_date": "2016-09-04", 
            "recipe": 11, 
            "serving_count": 6, 
            "user_account": 8
        }, 
        "model": "main.cookedrecipe", 
        "pk": 75
    }, 
    {
        "fields": {
            "user_rating": 2, 
            "recipe": 11, 
            "user_account": 8
        }, 
        "model": "main.ratedrecipe", 
        "pk": 75
    }, 
    {
        "fields": {
            "cooking_time": "11:01:46", 
            "cooking_date": "2016-09-04", 
            "recipe": 27, 
            "serving_count": 3, 
            "user_account": 9
        }, 
        "model": "main.cookedrecipe", 
        "pk": 81
    }, 
    {
        "fields": {
            "user_rating": 3, 
            "recipe": 27, 
            "user_account": 9
        }, 
        "model": "main.ratedrecipe", 
        "pk": 81
    }, 
    {
        "fields": {
            "cooking_time": "11:01:46", 
            "cooking_date": "2016-09-04", 
            "recipe": 4, 
            "serving_count": 1, 
            "user_account": 9
        }, 
        "model": "main.cookedrecipe", 
        "pk": 82
    }, 
    {
        "fields": {
            "user_rating": 1, 
            "recipe": 4, 
            "user_account": 9
        }, 
        "model": "main.ratedrecipe", 
        "pk": 82
    }, 
    {
        "fields": {
            "cooking_time": "11:01:46", 
            "cooking_date": "2016-09-04", 
            "recipe": 8, 
            "serving_count": 2, 
            "user_account": 9
        }, 
        "model": "main.cookedrecipe", 
        "pk": 83
    }, 
    {
        "fields": {
            "user_rating": 1, 
            "recipe": 8, 
            "user_account": 9
        }, 
        "model": "main.ratedrecipe", 
        "pk": 83
    }, 
    {
        "fields": {
            "cooking_time": "11:01:46", 
            "cooking_date": "2016-09-04", 
            "recipe": 21, 
            "serving_count": 4, 
            "user_account": 9
        }, 
        "model": "main.cookedrecipe", 
        "pk": 84
    }, 
    {
        "fields": {
            "user_rating": 2, 
            "recipe": 21, 
            "user_account": 9
        }, 
        "model": "main.ratedrecipe", 
        "pk": 84
    }, 
    {
        "fields": {
            "cooking_time": "11:01:46", 
            "cooking_date": "2016-09-04", 
            "recipe": 26, 
            "serving_count": 4, 
            "user_account": 9
        }, 
        "model": "main.cookedrecipe", 
        "pk": 85
    }, 
    {
        "fields": {
            "user_rating": 1, 
            "recipe": 26, 
            "user_account": 9
        }, 
        "model": "main.ratedrecipe", 
        "pk": 85
    }, 
    {
        "fields": {
            "cooking_time": "11:01:46", 
            "cooking_date": "2016-09-04", 
            "recipe": 9, 
            "serving_count": 1, 
            "user_account": 9
        }, 
        "model": "main.cookedrecipe", 
        "pk": 86
    }, 
    {
        "fields": {
            "user_rating": 1, 
            "recipe": 9, 
            "user_account": 9
        }, 
        "model": "main.ratedrecipe", 
        "pk": 86
    }, 
    {
        "fields": {
            "cooking_time": "11:01:46", 
            "cooking_date": "2016-09-04", 
            "recipe": 1, 
            "serving_count": 4, 
            "user_account": 9
        }, 
        "model": "main.cookedrecipe", 
        "pk": 87
    }, 
    {
        "fields": {
            "user_rating": 3, 
            "recipe": 1, 
            "user_account": 9
        }, 
        "model": "main.ratedrecipe", 
        "pk": 87
    }, 
    {
        "fields": {
            "cooking_time": "11:01:46", 
            "cooking_date": "2016-09-04", 
            "recipe": 28, 
            "serving_count": 3, 
            "user_account": 9
        }, 
        "model": "main.cookedrecipe", 
        "pk": 88
    }, 
    {
        "fields": {
            "user_rating": 3, 
            "recipe": 28, 
            "user_account": 9
        }, 
        "model": "main.ratedrecipe", 
        "pk": 88
    }, 
    {
        "fields": {
            "cooking_time": "11:01:46", 
            "cooking_date": "2016-09-04", 
            "recipe": 29, 
            "serving_count": 2, 
            "user_account": 9
        }, 
        "model": "main.cookedrecipe", 
        "pk": 89
    }, 
    {
        "fields": {
            "user_rating": 1, 
            "recipe": 29, 
            "user_account": 9
        }, 
        "model": "main.ratedrecipe", 
        "pk": 89
    }, 
    {
        "fields": {
            "cooking_time": "11:01:46", 
            "cooking_date": "2016-09-04", 
            "recipe": 25, 
            "serving_count": 2, 
            "user_account": 10
        }, 
        "model": "main.cookedrecipe", 
        "pk": 91
    }, 
    {
        "fields": {
            "user_rating": 3, 
            "recipe": 25, 
            "user_account": 10
        }, 
        "model": "main.ratedrecipe", 
        "pk": 91
    }
]